"TILE_ID","FILE_NAME","RELATIVE_PATH","SIZE_MB","N_FEATURES","DEPTH","SOURCE_GPKG","SOURCE_LAYER","LAYER_OUTPUT_DIR"
"geomorfologia_normalizada_disuelto_0001","geomorfologia_normalizada_disuelto_0001.gpkg","medio_fisico/geomorfologia_normalizada_disuelto__tiles/tiles/geomorfologia_normalizada_disuelto_0001.gpkg",0.254,6,0,"geomorfologia_normalizada_disuelto.gpkg","geomorfologia_normalizada_disuelto","medio_fisico/geomorfologia_normalizada_disuelto__tiles"
"geomorfologia_normalizada_disuelto_0002","geomorfologia_normalizada_disuelto_0002.gpkg","medio_fisico/geomorfologia_normalizada_disuelto__tiles/tiles/geomorfologia_normalizada_disuelto_0002.gpkg",38.586,61,0,"geomorfologia_normalizada_disuelto.gpkg","geomorfologia_normalizada_disuelto","medio_fisico/geomorfologia_normalizada_disuelto__tiles"
"geomorfologia_normalizada_disuelto_0003","geomorfologia_normalizada_disuelto_0003.gpkg","medio_fisico/geomorfologia_normalizada_disuelto__tiles/tiles/geomorfologia_normalizada_disuelto_0003.gpkg",30.953,75,1,"geomorfologia_normalizada_disuelto.gpkg","geomorfologia_normalizada_disuelto","medio_fisico/geomorfologia_normalizada_disuelto__tiles"
"geomorfologia_normalizada_disuelto_0004","geomorfologia_normalizada_disuelto_0004.gpkg","medio_fisico/geomorfologia_normalizada_disuelto__tiles/tiles/geomorfologia_normalizada_disuelto_0004.gpkg",35.043,43,1,"geomorfologia_normalizada_disuelto.gpkg","geomorfologia_normalizada_disuelto","medio_fisico/geomorfologia_normalizada_disuelto__tiles"
"geomorfologia_normalizada_disuelto_0005","geomorfologia_normalizada_disuelto_0005.gpkg","medio_fisico/geomorfologia_normalizada_disuelto__tiles/tiles/geomorfologia_normalizada_disuelto_0005.gpkg",49.93,60,1,"geomorfologia_normalizada_disuelto.gpkg","geomorfologia_normalizada_disuelto","medio_fisico/geomorfologia_normalizada_disuelto__tiles"
"geomorfologia_normalizada_disuelto_0006","geomorfologia_normalizada_disuelto_0006.gpkg","medio_fisico/geomorfologia_normalizada_disuelto__tiles/tiles/geomorfologia_normalizada_disuelto_0006.gpkg",34.914,49,1,"geomorfologia_normalizada_disuelto.gpkg","geomorfologia_normalizada_disuelto","medio_fisico/geomorfologia_normalizada_disuelto__tiles"
"geomorfologia_normalizada_disuelto_0007","geomorfologia_normalizada_disuelto_0007.gpkg","medio_fisico/geomorfologia_normalizada_disuelto__tiles/tiles/geomorfologia_normalizada_disuelto_0007.gpkg",1.625,14,1,"geomorfologia_normalizada_disuelto.gpkg","geomorfologia_normalizada_disuelto","medio_fisico/geomorfologia_normalizada_disuelto__tiles"
"geomorfologia_normalizada_disuelto_0008","geomorfologia_normalizada_disuelto_0008.gpkg","medio_fisico/geomorfologia_normalizada_disuelto__tiles/tiles/geomorfologia_normalizada_disuelto_0008.gpkg",34.043,45,1,"geomorfologia_normalizada_disuelto.gpkg","geomorfologia_normalizada_disuelto","medio_fisico/geomorfologia_normalizada_disuelto__tiles"
"geomorfologia_normalizada_disuelto_0009","geomorfologia_normalizada_disuelto_0009.gpkg","medio_fisico/geomorfologia_normalizada_disuelto__tiles/tiles/geomorfologia_normalizada_disuelto_0009.gpkg",42.684,36,1,"geomorfologia_normalizada_disuelto.gpkg","geomorfologia_normalizada_disuelto","medio_fisico/geomorfologia_normalizada_disuelto__tiles"
"geomorfologia_normalizada_disuelto_0010","geomorfologia_normalizada_disuelto_0010.gpkg","medio_fisico/geomorfologia_normalizada_disuelto__tiles/tiles/geomorfologia_normalizada_disuelto_0010.gpkg",23.809,46,1,"geomorfologia_normalizada_disuelto.gpkg","geomorfologia_normalizada_disuelto","medio_fisico/geomorfologia_normalizada_disuelto__tiles"
"geomorfologia_normalizada_disuelto_0011","geomorfologia_normalizada_disuelto_0011.gpkg","medio_fisico/geomorfologia_normalizada_disuelto__tiles/tiles/geomorfologia_normalizada_disuelto_0011.gpkg",9.328,17,2,"geomorfologia_normalizada_disuelto.gpkg","geomorfologia_normalizada_disuelto","medio_fisico/geomorfologia_normalizada_disuelto__tiles"
"geomorfologia_normalizada_disuelto_0012","geomorfologia_normalizada_disuelto_0012.gpkg","medio_fisico/geomorfologia_normalizada_disuelto__tiles/tiles/geomorfologia_normalizada_disuelto_0012.gpkg",11.371,13,2,"geomorfologia_normalizada_disuelto.gpkg","geomorfologia_normalizada_disuelto","medio_fisico/geomorfologia_normalizada_disuelto__tiles"
"geomorfologia_normalizada_disuelto_0013","geomorfologia_normalizada_disuelto_0013.gpkg","medio_fisico/geomorfologia_normalizada_disuelto__tiles/tiles/geomorfologia_normalizada_disuelto_0013.gpkg",18.547,33,2,"geomorfologia_normalizada_disuelto.gpkg","geomorfologia_normalizada_disuelto","medio_fisico/geomorfologia_normalizada_disuelto__tiles"
"geomorfologia_normalizada_disuelto_0014","geomorfologia_normalizada_disuelto_0014.gpkg","medio_fisico/geomorfologia_normalizada_disuelto__tiles/tiles/geomorfologia_normalizada_disuelto_0014.gpkg",35.996,33,2,"geomorfologia_normalizada_disuelto.gpkg","geomorfologia_normalizada_disuelto","medio_fisico/geomorfologia_normalizada_disuelto__tiles"
"geomorfologia_normalizada_disuelto_0015","geomorfologia_normalizada_disuelto_0015.gpkg","medio_fisico/geomorfologia_normalizada_disuelto__tiles/tiles/geomorfologia_normalizada_disuelto_0015.gpkg",11.98,26,2,"geomorfologia_normalizada_disuelto.gpkg","geomorfologia_normalizada_disuelto","medio_fisico/geomorfologia_normalizada_disuelto__tiles"
"geomorfologia_normalizada_disuelto_0016","geomorfologia_normalizada_disuelto_0016.gpkg","medio_fisico/geomorfologia_normalizada_disuelto__tiles/tiles/geomorfologia_normalizada_disuelto_0016.gpkg",11.141,39,2,"geomorfologia_normalizada_disuelto.gpkg","geomorfologia_normalizada_disuelto","medio_fisico/geomorfologia_normalizada_disuelto__tiles"
"geomorfologia_normalizada_disuelto_0017","geomorfologia_normalizada_disuelto_0017.gpkg","medio_fisico/geomorfologia_normalizada_disuelto__tiles/tiles/geomorfologia_normalizada_disuelto_0017.gpkg",18.254,31,2,"geomorfologia_normalizada_disuelto.gpkg","geomorfologia_normalizada_disuelto","medio_fisico/geomorfologia_normalizada_disuelto__tiles"
"geomorfologia_normalizada_disuelto_0018","geomorfologia_normalizada_disuelto_0018.gpkg","medio_fisico/geomorfologia_normalizada_disuelto__tiles/tiles/geomorfologia_normalizada_disuelto_0018.gpkg",14.941,30,2,"geomorfologia_normalizada_disuelto.gpkg","geomorfologia_normalizada_disuelto","medio_fisico/geomorfologia_normalizada_disuelto__tiles"
"geomorfologia_normalizada_disuelto_0019","geomorfologia_normalizada_disuelto_0019.gpkg","medio_fisico/geomorfologia_normalizada_disuelto__tiles/tiles/geomorfologia_normalizada_disuelto_0019.gpkg",14.02,38,2,"geomorfologia_normalizada_disuelto.gpkg","geomorfologia_normalizada_disuelto","medio_fisico/geomorfologia_normalizada_disuelto__tiles"
"geomorfologia_normalizada_disuelto_0020","geomorfologia_normalizada_disuelto_0020.gpkg","medio_fisico/geomorfologia_normalizada_disuelto__tiles/tiles/geomorfologia_normalizada_disuelto_0020.gpkg",30.758,40,2,"geomorfologia_normalizada_disuelto.gpkg","geomorfologia_normalizada_disuelto","medio_fisico/geomorfologia_normalizada_disuelto__tiles"
"geomorfologia_normalizada_disuelto_0021","geomorfologia_normalizada_disuelto_0021.gpkg","medio_fisico/geomorfologia_normalizada_disuelto__tiles/tiles/geomorfologia_normalizada_disuelto_0021.gpkg",13.535,49,2,"geomorfologia_normalizada_disuelto.gpkg","geomorfologia_normalizada_disuelto","medio_fisico/geomorfologia_normalizada_disuelto__tiles"
"geomorfologia_normalizada_disuelto_0022","geomorfologia_normalizada_disuelto_0022.gpkg","medio_fisico/geomorfologia_normalizada_disuelto__tiles/tiles/geomorfologia_normalizada_disuelto_0022.gpkg",19.113,45,2,"geomorfologia_normalizada_disuelto.gpkg","geomorfologia_normalizada_disuelto","medio_fisico/geomorfologia_normalizada_disuelto__tiles"
"geomorfologia_normalizada_disuelto_0023","geomorfologia_normalizada_disuelto_0023.gpkg","medio_fisico/geomorfologia_normalizada_disuelto__tiles/tiles/geomorfologia_normalizada_disuelto_0023.gpkg",3.941,24,2,"geomorfologia_normalizada_disuelto.gpkg","geomorfologia_normalizada_disuelto","medio_fisico/geomorfologia_normalizada_disuelto__tiles"
"geomorfologia_normalizada_disuelto_0024","geomorfologia_normalizada_disuelto_0024.gpkg","medio_fisico/geomorfologia_normalizada_disuelto__tiles/tiles/geomorfologia_normalizada_disuelto_0024.gpkg",3.129,18,2,"geomorfologia_normalizada_disuelto.gpkg","geomorfologia_normalizada_disuelto","medio_fisico/geomorfologia_normalizada_disuelto__tiles"
"geomorfologia_normalizada_disuelto_0025","geomorfologia_normalizada_disuelto_0025.gpkg","medio_fisico/geomorfologia_normalizada_disuelto__tiles/tiles/geomorfologia_normalizada_disuelto_0025.gpkg",27.516,30,2,"geomorfologia_normalizada_disuelto.gpkg","geomorfologia_normalizada_disuelto","medio_fisico/geomorfologia_normalizada_disuelto__tiles"
"geomorfologia_normalizada_disuelto_0026","geomorfologia_normalizada_disuelto_0026.gpkg","medio_fisico/geomorfologia_normalizada_disuelto__tiles/tiles/geomorfologia_normalizada_disuelto_0026.gpkg",16.641,30,2,"geomorfologia_normalizada_disuelto.gpkg","geomorfologia_normalizada_disuelto","medio_fisico/geomorfologia_normalizada_disuelto__tiles"
"geomorfologia_normalizada_disuelto_0027","geomorfologia_normalizada_disuelto_0027.gpkg","medio_fisico/geomorfologia_normalizada_disuelto__tiles/tiles/geomorfologia_normalizada_disuelto_0027.gpkg",12.242,30,1,"geomorfologia_normalizada_disuelto.gpkg","geomorfologia_normalizada_disuelto","medio_fisico/geomorfologia_normalizada_disuelto__tiles"
"geomorfologia_normalizada_disuelto_0028","geomorfologia_normalizada_disuelto_0028.gpkg","medio_fisico/geomorfologia_normalizada_disuelto__tiles/tiles/geomorfologia_normalizada_disuelto_0028.gpkg",48.828,36,2,"geomorfologia_normalizada_disuelto.gpkg","geomorfologia_normalizada_disuelto","medio_fisico/geomorfologia_normalizada_disuelto__tiles"
"geomorfologia_normalizada_disuelto_0029","geomorfologia_normalizada_disuelto_0029.gpkg","medio_fisico/geomorfologia_normalizada_disuelto__tiles/tiles/geomorfologia_normalizada_disuelto_0029.gpkg",14.109,37,2,"geomorfologia_normalizada_disuelto.gpkg","geomorfologia_normalizada_disuelto","medio_fisico/geomorfologia_normalizada_disuelto__tiles"
"geomorfologia_normalizada_disuelto_0030","geomorfologia_normalizada_disuelto_0030.gpkg","medio_fisico/geomorfologia_normalizada_disuelto__tiles/tiles/geomorfologia_normalizada_disuelto_0030.gpkg",30.805,50,2,"geomorfologia_normalizada_disuelto.gpkg","geomorfologia_normalizada_disuelto","medio_fisico/geomorfologia_normalizada_disuelto__tiles"
"geomorfologia_normalizada_disuelto_0031","geomorfologia_normalizada_disuelto_0031.gpkg","medio_fisico/geomorfologia_normalizada_disuelto__tiles/tiles/geomorfologia_normalizada_disuelto_0031.gpkg",3.957,40,2,"geomorfologia_normalizada_disuelto.gpkg","geomorfologia_normalizada_disuelto","medio_fisico/geomorfologia_normalizada_disuelto__tiles"
"geomorfologia_normalizada_disuelto_0032","geomorfologia_normalizada_disuelto_0032.gpkg","medio_fisico/geomorfologia_normalizada_disuelto__tiles/tiles/geomorfologia_normalizada_disuelto_0032.gpkg",7.504,43,1,"geomorfologia_normalizada_disuelto.gpkg","geomorfologia_normalizada_disuelto","medio_fisico/geomorfologia_normalizada_disuelto__tiles"
"geomorfologia_normalizada_disuelto_0033","geomorfologia_normalizada_disuelto_0033.gpkg","medio_fisico/geomorfologia_normalizada_disuelto__tiles/tiles/geomorfologia_normalizada_disuelto_0033.gpkg",0.457,10,0,"geomorfologia_normalizada_disuelto.gpkg","geomorfologia_normalizada_disuelto","medio_fisico/geomorfologia_normalizada_disuelto__tiles"
"geomorfologia_normalizada_disuelto_0034","geomorfologia_normalizada_disuelto_0034.gpkg","medio_fisico/geomorfologia_normalizada_disuelto__tiles/tiles/geomorfologia_normalizada_disuelto_0034.gpkg",17.789,46,1,"geomorfologia_normalizada_disuelto.gpkg","geomorfologia_normalizada_disuelto","medio_fisico/geomorfologia_normalizada_disuelto__tiles"
"geomorfologia_normalizada_disuelto_0035","geomorfologia_normalizada_disuelto_0035.gpkg","medio_fisico/geomorfologia_normalizada_disuelto__tiles/tiles/geomorfologia_normalizada_disuelto_0035.gpkg",13,40,1,"geomorfologia_normalizada_disuelto.gpkg","geomorfologia_normalizada_disuelto","medio_fisico/geomorfologia_normalizada_disuelto__tiles"
"geomorfologia_normalizada_disuelto_0036","geomorfologia_normalizada_disuelto_0036.gpkg","medio_fisico/geomorfologia_normalizada_disuelto__tiles/tiles/geomorfologia_normalizada_disuelto_0036.gpkg",28.281,35,1,"geomorfologia_normalizada_disuelto.gpkg","geomorfologia_normalizada_disuelto","medio_fisico/geomorfologia_normalizada_disuelto__tiles"
"geomorfologia_normalizada_disuelto_0037","geomorfologia_normalizada_disuelto_0037.gpkg","medio_fisico/geomorfologia_normalizada_disuelto__tiles/tiles/geomorfologia_normalizada_disuelto_0037.gpkg",21.793,41,1,"geomorfologia_normalizada_disuelto.gpkg","geomorfologia_normalizada_disuelto","medio_fisico/geomorfologia_normalizada_disuelto__tiles"
"geomorfologia_normalizada_disuelto_0038","geomorfologia_normalizada_disuelto_0038.gpkg","medio_fisico/geomorfologia_normalizada_disuelto__tiles/tiles/geomorfologia_normalizada_disuelto_0038.gpkg",6.012,30,1,"geomorfologia_normalizada_disuelto.gpkg","geomorfologia_normalizada_disuelto","medio_fisico/geomorfologia_normalizada_disuelto__tiles"
"geomorfologia_normalizada_disuelto_0039","geomorfologia_normalizada_disuelto_0039.gpkg","medio_fisico/geomorfologia_normalizada_disuelto__tiles/tiles/geomorfologia_normalizada_disuelto_0039.gpkg",14.848,10,1,"geomorfologia_normalizada_disuelto.gpkg","geomorfologia_normalizada_disuelto","medio_fisico/geomorfologia_normalizada_disuelto__tiles"
"geomorfologia_normalizada_disuelto_0040","geomorfologia_normalizada_disuelto_0040.gpkg","medio_fisico/geomorfologia_normalizada_disuelto__tiles/tiles/geomorfologia_normalizada_disuelto_0040.gpkg",8.254,35,1,"geomorfologia_normalizada_disuelto.gpkg","geomorfologia_normalizada_disuelto","medio_fisico/geomorfologia_normalizada_disuelto__tiles"
"geomorfologia_normalizada_disuelto_0041","geomorfologia_normalizada_disuelto_0041.gpkg","medio_fisico/geomorfologia_normalizada_disuelto__tiles/tiles/geomorfologia_normalizada_disuelto_0041.gpkg",23.402,27,1,"geomorfologia_normalizada_disuelto.gpkg","geomorfologia_normalizada_disuelto","medio_fisico/geomorfologia_normalizada_disuelto__tiles"
"geomorfologia_normalizada_disuelto_0042","geomorfologia_normalizada_disuelto_0042.gpkg","medio_fisico/geomorfologia_normalizada_disuelto__tiles/tiles/geomorfologia_normalizada_disuelto_0042.gpkg",28.734,16,0,"geomorfologia_normalizada_disuelto.gpkg","geomorfologia_normalizada_disuelto","medio_fisico/geomorfologia_normalizada_disuelto__tiles"
"geomorfologia_normalizada_disuelto_0043","geomorfologia_normalizada_disuelto_0043.gpkg","medio_fisico/geomorfologia_normalizada_disuelto__tiles/tiles/geomorfologia_normalizada_disuelto_0043.gpkg",11.184,51,0,"geomorfologia_normalizada_disuelto.gpkg","geomorfologia_normalizada_disuelto","medio_fisico/geomorfologia_normalizada_disuelto__tiles"
"geomorfologia_normalizada_disuelto_0044","geomorfologia_normalizada_disuelto_0044.gpkg","medio_fisico/geomorfologia_normalizada_disuelto__tiles/tiles/geomorfologia_normalizada_disuelto_0044.gpkg",23.961,59,0,"geomorfologia_normalizada_disuelto.gpkg","geomorfologia_normalizada_disuelto","medio_fisico/geomorfologia_normalizada_disuelto__tiles"
"geomorfologia_normalizada_disuelto_0045","geomorfologia_normalizada_disuelto_0045.gpkg","medio_fisico/geomorfologia_normalizada_disuelto__tiles/tiles/geomorfologia_normalizada_disuelto_0045.gpkg",14.371,23,0,"geomorfologia_normalizada_disuelto.gpkg","geomorfologia_normalizada_disuelto","medio_fisico/geomorfologia_normalizada_disuelto__tiles"
"geomorfologia_normalizada_disuelto_0046","geomorfologia_normalizada_disuelto_0046.gpkg","medio_fisico/geomorfologia_normalizada_disuelto__tiles/tiles/geomorfologia_normalizada_disuelto_0046.gpkg",8.547,49,0,"geomorfologia_normalizada_disuelto.gpkg","geomorfologia_normalizada_disuelto","medio_fisico/geomorfologia_normalizada_disuelto__tiles"
"geomorfologia_normalizada_disuelto_0047","geomorfologia_normalizada_disuelto_0047.gpkg","medio_fisico/geomorfologia_normalizada_disuelto__tiles/tiles/geomorfologia_normalizada_disuelto_0047.gpkg",38.703,43,0,"geomorfologia_normalizada_disuelto.gpkg","geomorfologia_normalizada_disuelto","medio_fisico/geomorfologia_normalizada_disuelto__tiles"
"geomorfologia_normalizada_disuelto_0048","geomorfologia_normalizada_disuelto_0048.gpkg","medio_fisico/geomorfologia_normalizada_disuelto__tiles/tiles/geomorfologia_normalizada_disuelto_0048.gpkg",28.945,15,0,"geomorfologia_normalizada_disuelto.gpkg","geomorfologia_normalizada_disuelto","medio_fisico/geomorfologia_normalizada_disuelto__tiles"
"geomorfologia_normalizada_disuelto_0049","geomorfologia_normalizada_disuelto_0049.gpkg","medio_fisico/geomorfologia_normalizada_disuelto__tiles/tiles/geomorfologia_normalizada_disuelto_0049.gpkg",5.207,13,0,"geomorfologia_normalizada_disuelto.gpkg","geomorfologia_normalizada_disuelto","medio_fisico/geomorfologia_normalizada_disuelto__tiles"
"geomorfologia_normalizada_disuelto_0050","geomorfologia_normalizada_disuelto_0050.gpkg","medio_fisico/geomorfologia_normalizada_disuelto__tiles/tiles/geomorfologia_normalizada_disuelto_0050.gpkg",8.93,20,0,"geomorfologia_normalizada_disuelto.gpkg","geomorfologia_normalizada_disuelto","medio_fisico/geomorfologia_normalizada_disuelto__tiles"
"geomorfologia_normalizada_disuelto_0051","geomorfologia_normalizada_disuelto_0051.gpkg","medio_fisico/geomorfologia_normalizada_disuelto__tiles/tiles/geomorfologia_normalizada_disuelto_0051.gpkg",15.457,12,0,"geomorfologia_normalizada_disuelto.gpkg","geomorfologia_normalizada_disuelto","medio_fisico/geomorfologia_normalizada_disuelto__tiles"
"geomorfologia_normalizada_disuelto_0052","geomorfologia_normalizada_disuelto_0052.gpkg","medio_fisico/geomorfologia_normalizada_disuelto__tiles/tiles/geomorfologia_normalizada_disuelto_0052.gpkg",2.699,10,0,"geomorfologia_normalizada_disuelto.gpkg","geomorfologia_normalizada_disuelto","medio_fisico/geomorfologia_normalizada_disuelto__tiles"
