"BLOCK_ID","STRIPE_ID","SOURCE_FILE","SOURCE_SIZE","SOURCE_MTIME","FAST_FILE","FAST_SIZE","NROWS","NCOLS","NVALUES","STATUS"
"BLOCK_004",1,"reverse_00001.tif",750582,"2026-08-23 11:44:47","reverse_00001.rds",11980944,256,46800,11980800,"REUSED"
"BLOCK_004",2,"reverse_00002.tif",733422,"2026-08-23 11:44:50","reverse_00002.rds",11980944,256,46800,11980800,"REUSED"
"BLOCK_004",3,"reverse_00003.tif",735662,"2026-08-23 11:44:52","reverse_00003.rds",11980944,256,46800,11980800,"REUSED"
"BLOCK_004",4,"reverse_00004.tif",735818,"2026-08-23 11:44:54","reverse_00004.rds",11980944,256,46800,11980800,"REUSED"
"BLOCK_004",5,"reverse_00005.tif",728800,"2026-08-23 11:44:56","reverse_00005.rds",11980944,256,46800,11980800,"REUSED"
"BLOCK_004",6,"reverse_00006.tif",717248,"2026-08-23 11:44:58","reverse_00006.rds",11980944,256,46800,11980800,"REUSED"
"BLOCK_004",7,"reverse_00007.tif",710852,"2026-08-23 11:45:00","reverse_00007.rds",11980944,256,46800,11980800,"REUSED"
"BLOCK_004",8,"reverse_00008.tif",708012,"2026-08-23 11:45:03","reverse_00008.rds",11980944,256,46800,11980800,"REUSED"
"BLOCK_004",9,"reverse_00009.tif",707874,"2026-08-23 11:45:05","reverse_00009.rds",11980944,256,46800,11980800,"REUSED"
"BLOCK_004",10,"reverse_00010.tif",711868,"2026-08-23 11:45:07","reverse_00010.rds",11980944,256,46800,11980800,"REUSED"
"BLOCK_004",11,"reverse_00011.tif",713968,"2026-08-23 11:45:09","reverse_00011.rds",11980944,256,46800,11980800,"REUSED"
"BLOCK_004",12,"reverse_00012.tif",712390,"2026-08-23 11:45:11","reverse_00012.rds",11980944,256,46800,11980800,"REUSED"
"BLOCK_004",13,"reverse_00013.tif",723792,"2026-08-23 11:45:14","reverse_00013.rds",11980944,256,46800,11980800,"REUSED"
"BLOCK_004",14,"reverse_00014.tif",740394,"2026-08-23 11:45:16","reverse_00014.rds",11980944,256,46800,11980800,"REUSED"
"BLOCK_004",15,"reverse_00015.tif",1918312,"2026-08-23 11:45:18","reverse_00015.rds",11980944,256,46800,11980800,"REUSED"
"BLOCK_004",16,"reverse_00016.tif",1996482,"2026-08-23 11:45:21","reverse_00016.rds",11980944,256,46800,11980800,"REUSED"
"BLOCK_004",17,"reverse_00017.tif",1987808,"2026-08-23 11:45:23","reverse_00017.rds",11980944,256,46800,11980800,"REUSED"
"BLOCK_004",18,"reverse_00018.tif",1995096,"2026-08-23 11:45:26","reverse_00018.rds",11980944,256,46800,11980800,"REUSED"
"BLOCK_004",19,"reverse_00019.tif",1998810,"2026-08-23 11:45:28","reverse_00019.rds",11980944,256,46800,11980800,"REUSED"
"BLOCK_004",20,"reverse_00020.tif",1985268,"2026-08-23 11:45:31","reverse_00020.rds",11980944,256,46800,11980800,"REUSED"
"BLOCK_004",21,"reverse_00021.tif",1968016,"2026-08-23 11:45:34","reverse_00021.rds",11980944,256,46800,11980800,"REUSED"
"BLOCK_004",22,"reverse_00022.tif",1964510,"2026-08-23 11:45:36","reverse_00022.rds",11980944,256,46800,11980800,"REUSED"
"BLOCK_004",23,"reverse_00023.tif",1957076,"2026-08-23 11:45:39","reverse_00023.rds",11980944,256,46800,11980800,"REUSED"
"BLOCK_004",24,"reverse_00024.tif",1975254,"2026-08-23 11:45:41","reverse_00024.rds",11980944,256,46800,11980800,"REUSED"
"BLOCK_004",25,"reverse_00025.tif",1991194,"2026-08-23 11:45:44","reverse_00025.rds",11980944,256,46800,11980800,"REUSED"
"BLOCK_004",26,"reverse_00026.tif",1987778,"2026-08-23 11:45:46","reverse_00026.rds",11980944,256,46800,11980800,"REUSED"
"BLOCK_004",27,"reverse_00027.tif",1993240,"2026-08-23 11:45:49","reverse_00027.rds",11980944,256,46800,11980800,"REUSED"
"BLOCK_004",28,"reverse_00028.tif",1989510,"2026-08-23 11:45:51","reverse_00028.rds",11980944,256,46800,11980800,"REUSED"
"BLOCK_004",29,"reverse_00029.tif",2712868,"2026-08-23 11:45:54","reverse_00029.rds",11980944,256,46800,11980800,"REUSED"
"BLOCK_004",30,"reverse_00030.tif",2787118,"2026-08-23 11:45:57","reverse_00030.rds",11980944,256,46800,11980800,"REUSED"
"BLOCK_004",31,"reverse_00031.tif",2806926,"2026-08-23 11:46:00","reverse_00031.rds",11980944,256,46800,11980800,"REUSED"
"BLOCK_004",32,"reverse_00032.tif",2804880,"2026-08-23 11:46:03","reverse_00032.rds",11980944,256,46800,11980800,"REUSED"
"BLOCK_004",33,"reverse_00033.tif",2812458,"2026-08-23 11:46:06","reverse_00033.rds",11980944,256,46800,11980800,"REUSED"
"BLOCK_004",34,"reverse_00034.tif",2795138,"2026-08-23 11:46:09","reverse_00034.rds",11980944,256,46800,11980800,"REUSED"
"BLOCK_004",35,"reverse_00035.tif",2769220,"2026-08-23 11:46:11","reverse_00035.rds",11980944,256,46800,11980800,"REUSED"
"BLOCK_004",36,"reverse_00036.tif",2763556,"2026-08-23 11:46:14","reverse_00036.rds",11980944,256,46800,11980800,"REUSED"
"BLOCK_004",37,"reverse_00037.tif",2776114,"2026-08-23 11:46:16","reverse_00037.rds",11980944,256,46800,11980800,"REUSED"
"BLOCK_004",38,"reverse_00038.tif",2810188,"2026-08-23 11:46:19","reverse_00038.rds",11980944,256,46800,11980800,"REUSED"
"BLOCK_004",39,"reverse_00039.tif",2821534,"2026-08-23 11:46:22","reverse_00039.rds",11980944,256,46800,11980800,"REUSED"
"BLOCK_004",40,"reverse_00040.tif",2821174,"2026-08-23 11:46:25","reverse_00040.rds",11980944,256,46800,11980800,"REUSED"
"BLOCK_004",41,"reverse_00041.tif",2818218,"2026-08-23 11:46:27","reverse_00041.rds",11980944,256,46800,11980800,"REUSED"
"BLOCK_004",42,"reverse_00042.tif",2814160,"2026-08-23 11:46:30","reverse_00042.rds",11980944,256,46800,11980800,"REUSED"
"BLOCK_004",43,"reverse_00043.tif",3487798,"2026-08-23 11:46:33","reverse_00043.rds",11980944,256,46800,11980800,"REUSED"
"BLOCK_004",44,"reverse_00044.tif",3658060,"2026-08-23 11:46:36","reverse_00044.rds",11980944,256,46800,11980800,"REUSED"
"BLOCK_004",45,"reverse_00045.tif",3654238,"2026-08-23 11:46:39","reverse_00045.rds",11980944,256,46800,11980800,"REUSED"
"BLOCK_004",46,"reverse_00046.tif",3654876,"2026-08-23 11:46:42","reverse_00046.rds",11980944,256,46800,11980800,"REUSED"
"BLOCK_004",47,"reverse_00047.tif",3679934,"2026-08-23 11:46:45","reverse_00047.rds",11980944,256,46800,11980800,"REUSED"
"BLOCK_004",48,"reverse_00048.tif",3656744,"2026-08-23 11:46:48","reverse_00048.rds",11980944,256,46800,11980800,"REUSED"
"BLOCK_004",49,"reverse_00049.tif",3629990,"2026-08-23 11:46:51","reverse_00049.rds",11980944,256,46800,11980800,"REUSED"
"BLOCK_004",50,"reverse_00050.tif",3662460,"2026-08-23 11:46:53","reverse_00050.rds",11980944,256,46800,11980800,"REUSED"
"BLOCK_004",51,"reverse_00051.tif",3666692,"2026-08-23 11:46:56","reverse_00051.rds",11980944,256,46800,11980800,"REUSED"
"BLOCK_004",52,"reverse_00052.tif",3682108,"2026-08-23 11:46:59","reverse_00052.rds",11980944,256,46800,11980800,"REUSED"
"BLOCK_004",53,"reverse_00053.tif",3677998,"2026-08-23 11:47:02","reverse_00053.rds",11980944,256,46800,11980800,"REUSED"
"BLOCK_004",54,"reverse_00054.tif",3676016,"2026-08-23 11:47:05","reverse_00054.rds",11980944,256,46800,11980800,"REUSED"
"BLOCK_004",55,"reverse_00055.tif",3684038,"2026-08-23 11:47:08","reverse_00055.rds",11980944,256,46800,11980800,"REUSED"
"BLOCK_004",56,"reverse_00056.tif",3688330,"2026-08-23 11:47:11","reverse_00056.rds",11980944,256,46800,11980800,"REUSED"
"BLOCK_004",57,"reverse_00057.tif",4602864,"2026-08-23 11:47:14","reverse_00057.rds",11980944,256,46800,11980800,"REUSED"
"BLOCK_004",58,"reverse_00058.tif",4900702,"2026-08-23 11:47:17","reverse_00058.rds",11980944,256,46800,11980800,"REUSED"
"BLOCK_004",59,"reverse_00059.tif",4871668,"2026-08-23 11:47:20","reverse_00059.rds",11980944,256,46800,11980800,"REUSED"
"BLOCK_004",60,"reverse_00060.tif",4862074,"2026-08-23 11:47:24","reverse_00060.rds",11980944,256,46800,11980800,"REUSED"
"BLOCK_004",61,"reverse_00061.tif",4823502,"2026-08-23 11:47:27","reverse_00061.rds",11980944,256,46800,11980800,"REUSED"
"BLOCK_004",62,"reverse_00062.tif",4810656,"2026-08-23 11:47:30","reverse_00062.rds",11980944,256,46800,11980800,"REUSED"
"BLOCK_004",63,"reverse_00063.tif",4823848,"2026-08-23 11:47:33","reverse_00063.rds",11980944,256,46800,11980800,"REUSED"
"BLOCK_004",64,"reverse_00064.tif",4849142,"2026-08-23 11:47:37","reverse_00064.rds",11980944,256,46800,11980800,"REUSED"
"BLOCK_004",65,"reverse_00065.tif",4856118,"2026-08-23 11:47:40","reverse_00065.rds",11980944,256,46800,11980800,"REUSED"
"BLOCK_004",66,"reverse_00066.tif",4837744,"2026-08-23 11:47:43","reverse_00066.rds",11980944,256,46800,11980800,"REUSED"
"BLOCK_004",67,"reverse_00067.tif",4827336,"2026-08-23 11:47:46","reverse_00067.rds",11980944,256,46800,11980800,"REUSED"
"BLOCK_004",68,"reverse_00068.tif",4846496,"2026-08-23 11:47:49","reverse_00068.rds",11980944,256,46800,11980800,"REUSED"
"BLOCK_004",69,"reverse_00069.tif",4814944,"2026-08-23 11:47:53","reverse_00069.rds",11980944,256,46800,11980800,"REUSED"
"BLOCK_004",70,"reverse_00070.tif",4792326,"2026-08-23 11:47:56","reverse_00070.rds",11980944,256,46800,11980800,"REUSED"
"BLOCK_004",71,"reverse_00071.tif",5088896,"2026-08-23 11:47:59","reverse_00071.rds",11980944,256,46800,11980800,"REUSED"
"BLOCK_004",72,"reverse_00072.tif",5252554,"2026-08-23 11:48:02","reverse_00072.rds",11980944,256,46800,11980800,"REUSED"
"BLOCK_004",73,"reverse_00073.tif",5275976,"2026-08-23 11:48:06","reverse_00073.rds",11980944,256,46800,11980800,"REUSED"
"BLOCK_004",74,"reverse_00074.tif",5305558,"2026-08-23 11:48:09","reverse_00074.rds",11980944,256,46800,11980800,"REUSED"
"BLOCK_004",75,"reverse_00075.tif",5280452,"2026-08-23 11:48:12","reverse_00075.rds",11980944,256,46800,11980800,"REUSED"
"BLOCK_004",76,"reverse_00076.tif",5208746,"2026-08-23 11:48:15","reverse_00076.rds",11980944,256,46800,11980800,"REUSED"
"BLOCK_004",77,"reverse_00077.tif",5181790,"2026-08-23 11:48:19","reverse_00077.rds",11980944,256,46800,11980800,"REUSED"
"BLOCK_004",78,"reverse_00078.tif",5239478,"2026-08-23 11:48:22","reverse_00078.rds",11980944,256,46800,11980800,"REUSED"
"BLOCK_004",79,"reverse_00079.tif",5288056,"2026-08-23 11:48:25","reverse_00079.rds",11980944,256,46800,11980800,"REUSED"
"BLOCK_004",80,"reverse_00080.tif",5308934,"2026-08-23 11:48:28","reverse_00080.rds",11980944,256,46800,11980800,"REUSED"
"BLOCK_004",81,"reverse_00081.tif",5301670,"2026-08-23 11:48:31","reverse_00081.rds",11980944,256,46800,11980800,"REUSED"
"BLOCK_004",82,"reverse_00082.tif",5264922,"2026-08-23 11:48:35","reverse_00082.rds",11980944,256,46800,11980800,"REUSED"
"BLOCK_004",83,"reverse_00083.tif",5196378,"2026-08-23 11:48:38","reverse_00083.rds",11980944,256,46800,11980800,"REUSED"
"BLOCK_004",84,"reverse_00084.tif",5231008,"2026-08-23 11:48:41","reverse_00084.rds",11980944,256,46800,11980800,"REUSED"
"BLOCK_004",85,"reverse_00085.tif",4756984,"2026-08-23 11:48:44","reverse_00085.rds",11980944,256,46800,11980800,"REUSED"
"BLOCK_004",86,"reverse_00086.tif",4418814,"2026-08-23 11:48:47","reverse_00086.rds",11980944,256,46800,11980800,"REUSED"
"BLOCK_004",87,"reverse_00087.tif",4383762,"2026-08-23 11:48:50","reverse_00087.rds",11980944,256,46800,11980800,"REUSED"
"BLOCK_004",88,"reverse_00088.tif",4394874,"2026-08-23 11:48:54","reverse_00088.rds",11980944,256,46800,11980800,"REUSED"
"BLOCK_004",89,"reverse_00089.tif",4396756,"2026-08-23 11:48:56","reverse_00089.rds",11980944,256,46800,11980800,"REUSED"
"BLOCK_004",90,"reverse_00090.tif",4389958,"2026-08-23 11:49:00","reverse_00090.rds",11980944,256,46800,11980800,"REUSED"
"BLOCK_004",91,"reverse_00091.tif",4413992,"2026-08-23 11:49:03","reverse_00091.rds",11980944,256,46800,11980800,"REUSED"
"BLOCK_004",92,"reverse_00092.tif",4396720,"2026-08-23 11:49:06","reverse_00092.rds",11980944,256,46800,11980800,"REUSED"
"BLOCK_004",93,"reverse_00093.tif",4411118,"2026-08-23 11:49:09","reverse_00093.rds",11980944,256,46800,11980800,"REUSED"
"BLOCK_004",94,"reverse_00094.tif",4409072,"2026-08-23 11:49:12","reverse_00094.rds",11980944,256,46800,11980800,"REUSED"
"BLOCK_004",95,"reverse_00095.tif",4395156,"2026-08-23 11:49:15","reverse_00095.rds",11980944,256,46800,11980800,"REUSED"
"BLOCK_004",96,"reverse_00096.tif",4389324,"2026-08-23 11:49:19","reverse_00096.rds",11980944,256,46800,11980800,"REUSED"
"BLOCK_004",97,"reverse_00097.tif",4405378,"2026-08-23 11:49:22","reverse_00097.rds",11980944,256,46800,11980800,"REUSED"
"BLOCK_004",98,"reverse_00098.tif",4420736,"2026-08-23 11:49:25","reverse_00098.rds",11980944,256,46800,11980800,"REUSED"
"BLOCK_004",99,"reverse_00099.tif",4389638,"2026-08-23 11:49:29","reverse_00099.rds",11980944,256,46800,11980800,"REUSED"
"BLOCK_004",100,"reverse_00100.tif",4402960,"2026-08-23 11:49:32","reverse_00100.rds",11980944,256,46800,11980800,"REUSED"
"BLOCK_004",101,"reverse_00101.tif",4412500,"2026-08-23 11:49:35","reverse_00101.rds",11980944,256,46800,11980800,"REUSED"
"BLOCK_004",102,"reverse_00102.tif",4409128,"2026-08-23 11:49:38","reverse_00102.rds",11980944,256,46800,11980800,"REUSED"
"BLOCK_004",103,"reverse_00103.tif",4405168,"2026-08-23 11:49:41","reverse_00103.rds",11980944,256,46800,11980800,"REUSED"
"BLOCK_004",104,"reverse_00104.tif",4395488,"2026-08-23 11:49:44","reverse_00104.rds",11980944,256,46800,11980800,"REUSED"
"BLOCK_004",105,"reverse_00105.tif",4378266,"2026-08-23 11:49:47","reverse_00105.rds",11980944,256,46800,11980800,"REUSED"
"BLOCK_004",106,"reverse_00106.tif",4353196,"2026-08-23 11:49:50","reverse_00106.rds",11980944,256,46800,11980800,"REUSED"
"BLOCK_004",107,"reverse_00107.tif",4356574,"2026-08-23 11:49:53","reverse_00107.rds",11980944,256,46800,11980800,"REUSED"
"BLOCK_004",108,"reverse_00108.tif",4366912,"2026-08-23 11:49:56","reverse_00108.rds",11980944,256,46800,11980800,"REUSED"
"BLOCK_004",109,"reverse_00109.tif",4388162,"2026-08-23 11:49:59","reverse_00109.rds",11980944,256,46800,11980800,"REUSED"
"BLOCK_004",110,"reverse_00110.tif",4378416,"2026-08-23 11:50:02","reverse_00110.rds",11980944,256,46800,11980800,"REUSED"
"BLOCK_004",111,"reverse_00111.tif",4366686,"2026-08-23 11:50:05","reverse_00111.rds",11980944,256,46800,11980800,"REUSED"
"BLOCK_004",112,"reverse_00112.tif",4350362,"2026-08-23 11:50:08","reverse_00112.rds",11980944,256,46800,11980800,"REUSED"
"BLOCK_004",113,"reverse_00113.tif",4128624,"2026-08-23 11:50:11","reverse_00113.rds",11980944,256,46800,11980800,"REUSED"
"BLOCK_004",114,"reverse_00114.tif",3903662,"2026-08-23 11:50:14","reverse_00114.rds",11980944,256,46800,11980800,"REUSED"
"BLOCK_004",115,"reverse_00115.tif",3900494,"2026-08-23 11:50:17","reverse_00115.rds",11980944,256,46800,11980800,"REUSED"
"BLOCK_004",116,"reverse_00116.tif",3902958,"2026-08-23 11:50:20","reverse_00116.rds",11980944,256,46800,11980800,"REUSED"
"BLOCK_004",117,"reverse_00117.tif",3880222,"2026-08-23 11:50:23","reverse_00117.rds",11980944,256,46800,11980800,"REUSED"
"BLOCK_004",118,"reverse_00118.tif",3861888,"2026-08-23 11:50:26","reverse_00118.rds",11980944,256,46800,11980800,"REUSED"
"BLOCK_004",119,"reverse_00119.tif",3871152,"2026-08-23 11:50:29","reverse_00119.rds",11980944,256,46800,11980800,"REUSED"
"BLOCK_004",120,"reverse_00120.tif",3879502,"2026-08-23 11:50:33","reverse_00120.rds",11980944,256,46800,11980800,"REUSED"
"BLOCK_004",121,"reverse_00121.tif",3869962,"2026-08-23 11:50:36","reverse_00121.rds",11980944,256,46800,11980800,"REUSED"
"BLOCK_004",122,"reverse_00122.tif",3858412,"2026-08-23 11:50:39","reverse_00122.rds",11980944,256,46800,11980800,"REUSED"
"BLOCK_004",123,"reverse_00123.tif",3856414,"2026-08-23 11:50:42","reverse_00123.rds",11980944,256,46800,11980800,"REUSED"
"BLOCK_004",124,"reverse_00124.tif",3826856,"2026-08-23 11:50:44","reverse_00124.rds",11980944,256,46800,11980800,"REUSED"
"BLOCK_004",125,"reverse_00125.tif",3829020,"2026-08-23 11:50:48","reverse_00125.rds",11980944,256,46800,11980800,"REUSED"
"BLOCK_004",126,"reverse_00126.tif",3807806,"2026-08-23 11:50:50","reverse_00126.rds",11980944,256,46800,11980800,"REUSED"
"BLOCK_004",127,"reverse_00127.tif",3498832,"2026-08-23 11:50:53","reverse_00127.rds",11980944,256,46800,11980800,"REUSED"
"BLOCK_004",128,"reverse_00128.tif",3091140,"2026-08-23 11:50:56","reverse_00128.rds",11980944,256,46800,11980800,"REUSED"
"BLOCK_004",129,"reverse_00129.tif",3084192,"2026-08-23 11:50:59","reverse_00129.rds",11980944,256,46800,11980800,"REUSED"
"BLOCK_004",130,"reverse_00130.tif",3068654,"2026-08-23 11:51:02","reverse_00130.rds",11980944,256,46800,11980800,"REUSED"
"BLOCK_004",131,"reverse_00131.tif",3065710,"2026-08-23 11:51:05","reverse_00131.rds",11980944,256,46800,11980800,"REUSED"
"BLOCK_004",132,"reverse_00132.tif",3077056,"2026-08-23 11:51:07","reverse_00132.rds",11980944,256,46800,11980800,"REUSED"
"BLOCK_004",133,"reverse_00133.tif",3072294,"2026-08-23 11:51:10","reverse_00133.rds",11980944,256,46800,11980800,"REUSED"
"BLOCK_004",134,"reverse_00134.tif",3081492,"2026-08-23 11:51:13","reverse_00134.rds",11980944,256,46800,11980800,"REUSED"
"BLOCK_004",135,"reverse_00135.tif",3093158,"2026-08-23 11:51:16","reverse_00135.rds",11980944,256,46800,11980800,"REUSED"
"BLOCK_004",136,"reverse_00136.tif",3069972,"2026-08-23 11:51:19","reverse_00136.rds",11980944,256,46800,11980800,"REUSED"
"BLOCK_004",137,"reverse_00137.tif",3079052,"2026-08-23 11:51:22","reverse_00137.rds",11980944,256,46800,11980800,"REUSED"
"BLOCK_004",138,"reverse_00138.tif",3070416,"2026-08-23 11:51:25","reverse_00138.rds",11980944,256,46800,11980800,"REUSED"
"BLOCK_004",139,"reverse_00139.tif",3069472,"2026-08-23 11:51:27","reverse_00139.rds",11980944,256,46800,11980800,"REUSED"
"BLOCK_004",140,"reverse_00140.tif",3068694,"2026-08-23 11:51:30","reverse_00140.rds",11980944,256,46800,11980800,"REUSED"
"BLOCK_004",141,"reverse_00141.tif",2924930,"2026-08-23 11:51:33","reverse_00141.rds",11980944,256,46800,11980800,"REUSED"
"BLOCK_004",142,"reverse_00142.tif",2650386,"2026-08-23 11:51:35","reverse_00142.rds",11980944,256,46800,11980800,"REUSED"
"BLOCK_004",143,"reverse_00143.tif",2646340,"2026-08-23 11:51:38","reverse_00143.rds",11980944,256,46800,11980800,"REUSED"
"BLOCK_004",144,"reverse_00144.tif",2635600,"2026-08-23 11:51:41","reverse_00144.rds",11980944,256,46800,11980800,"REUSED"
"BLOCK_004",145,"reverse_00145.tif",2621408,"2026-08-23 11:51:43","reverse_00145.rds",11980944,256,46800,11980800,"REUSED"
"BLOCK_004",146,"reverse_00146.tif",2621226,"2026-08-23 11:51:46","reverse_00146.rds",11980944,256,46800,11980800,"REUSED"
"BLOCK_004",147,"reverse_00147.tif",2598956,"2026-08-23 11:51:48","reverse_00147.rds",11980944,256,46800,11980800,"REUSED"
"BLOCK_004",148,"reverse_00148.tif",2592624,"2026-08-23 11:51:51","reverse_00148.rds",11980944,256,46800,11980800,"REUSED"
"BLOCK_004",149,"reverse_00149.tif",2577812,"2026-08-23 11:51:53","reverse_00149.rds",11980944,256,46800,11980800,"REUSED"
"BLOCK_004",150,"reverse_00150.tif",2568442,"2026-08-23 11:51:56","reverse_00150.rds",11980944,256,46800,11980800,"REUSED"
"BLOCK_004",151,"reverse_00151.tif",2562282,"2026-08-23 11:51:59","reverse_00151.rds",11980944,256,46800,11980800,"REUSED"
"BLOCK_004",152,"reverse_00152.tif",2556182,"2026-08-23 11:52:01","reverse_00152.rds",11980944,256,46800,11980800,"REUSED"
"BLOCK_004",153,"reverse_00153.tif",2533788,"2026-08-23 11:52:04","reverse_00153.rds",11980944,256,46800,11980800,"REUSED"
"BLOCK_004",154,"reverse_00154.tif",2514760,"2026-08-23 11:52:07","reverse_00154.rds",11980944,256,46800,11980800,"REUSED"
"BLOCK_004",155,"reverse_00155.tif",2436138,"2026-08-23 11:52:09","reverse_00155.rds",11980944,256,46800,11980800,"REUSED"
"BLOCK_004",156,"reverse_00156.tif",2303986,"2026-08-23 11:52:12","reverse_00156.rds",11980944,256,46800,11980800,"REUSED"
"BLOCK_004",157,"reverse_00157.tif",2283418,"2026-08-23 11:52:15","reverse_00157.rds",11980944,256,46800,11980800,"REUSED"
"BLOCK_004",158,"reverse_00158.tif",2279958,"2026-08-23 11:52:18","reverse_00158.rds",11980944,256,46800,11980800,"REUSED"
"BLOCK_004",159,"reverse_00159.tif",2253808,"2026-08-23 11:52:20","reverse_00159.rds",11980944,256,46800,11980800,"REUSED"
"BLOCK_004",160,"reverse_00160.tif",2231848,"2026-08-23 11:52:23","reverse_00160.rds",11980944,256,46800,11980800,"REUSED"
"BLOCK_004",161,"reverse_00161.tif",2207502,"2026-08-23 11:52:25","reverse_00161.rds",11980944,256,46800,11980800,"REUSED"
"BLOCK_004",162,"reverse_00162.tif",2211876,"2026-08-23 11:52:28","reverse_00162.rds",11980944,256,46800,11980800,"REUSED"
"BLOCK_004",163,"reverse_00163.tif",2212618,"2026-08-23 11:52:30","reverse_00163.rds",11980944,256,46800,11980800,"REUSED"
"BLOCK_004",164,"reverse_00164.tif",2207472,"2026-08-23 11:52:32","reverse_00164.rds",11980944,256,46800,11980800,"REUSED"
"BLOCK_004",165,"reverse_00165.tif",2194502,"2026-08-23 11:52:35","reverse_00165.rds",11980944,256,46800,11980800,"REUSED"
"BLOCK_004",166,"reverse_00166.tif",2190756,"2026-08-23 11:52:38","reverse_00166.rds",11980944,256,46800,11980800,"REUSED"
"BLOCK_004",167,"reverse_00167.tif",2172188,"2026-08-23 11:52:41","reverse_00167.rds",11980944,256,46800,11980800,"REUSED"
"BLOCK_004",168,"reverse_00168.tif",2197312,"2026-08-23 11:52:43","reverse_00168.rds",11980944,256,46800,11980800,"REUSED"
"BLOCK_004",169,"reverse_00169.tif",2193350,"2026-08-23 11:52:45","reverse_00169.rds",11980944,256,46800,11980800,"REUSED"
"BLOCK_004",170,"reverse_00170.tif",2190360,"2026-08-23 11:52:48","reverse_00170.rds",11980944,256,46800,11980800,"REUSED"
"BLOCK_004",171,"reverse_00171.tif",2184410,"2026-08-23 11:52:51","reverse_00171.rds",11980944,256,46800,11980800,"REUSED"
"BLOCK_004",172,"reverse_00172.tif",2168336,"2026-08-23 11:52:53","reverse_00172.rds",11980944,256,46800,11980800,"REUSED"
"BLOCK_004",173,"reverse_00173.tif",2172008,"2026-08-23 11:52:56","reverse_00173.rds",11980944,256,46800,11980800,"REUSED"
"BLOCK_004",174,"reverse_00174.tif",2169150,"2026-08-23 11:52:58","reverse_00174.rds",11980944,256,46800,11980800,"REUSED"
"BLOCK_004",175,"reverse_00175.tif",2163842,"2026-08-23 11:53:01","reverse_00175.rds",11980944,256,46800,11980800,"REUSED"
"BLOCK_004",176,"reverse_00176.tif",2153216,"2026-08-23 11:53:03","reverse_00176.rds",11980944,256,46800,11980800,"REUSED"
"BLOCK_004",177,"reverse_00177.tif",2132152,"2026-08-23 11:53:06","reverse_00177.rds",11980944,256,46800,11980800,"REUSED"
"BLOCK_004",178,"reverse_00178.tif",2118568,"2026-08-23 11:53:08","reverse_00178.rds",11980944,256,46800,11980800,"REUSED"
"BLOCK_004",179,"reverse_00179.tif",2079444,"2026-08-23 11:53:10","reverse_00179.rds",11980944,256,46800,11980800,"REUSED"
"BLOCK_004",180,"reverse_00180.tif",2053046,"2026-08-23 11:53:13","reverse_00180.rds",11980944,256,46800,11980800,"REUSED"
"BLOCK_004",181,"reverse_00181.tif",2023316,"2026-08-23 11:53:16","reverse_00181.rds",11980944,256,46800,11980800,"REUSED"
"BLOCK_004",182,"reverse_00182.tif",2025182,"2026-08-23 11:53:18","reverse_00182.rds",11980944,256,46800,11980800,"REUSED"
"BLOCK_004",183,"reverse_00183.tif",1969302,"2026-08-23 11:53:21","reverse_00183.rds",11980944,256,46800,11980800,"REUSED"
"BLOCK_004",184,"reverse_00184.tif",1792828,"2026-08-23 11:53:23","reverse_00184.rds",11980944,256,46800,11980800,"REUSED"
"BLOCK_004",185,"reverse_00185.tif",1800690,"2026-08-23 11:53:26","reverse_00185.rds",11980944,256,46800,11980800,"REUSED"
"BLOCK_004",186,"reverse_00186.tif",1795292,"2026-08-23 11:53:29","reverse_00186.rds",11980944,256,46800,11980800,"REUSED"
"BLOCK_004",187,"reverse_00187.tif",1772730,"2026-08-23 11:53:31","reverse_00187.rds",11980944,256,46800,11980800,"REUSED"
"BLOCK_004",188,"reverse_00188.tif",1767852,"2026-08-23 11:53:33","reverse_00188.rds",11980944,256,46800,11980800,"REUSED"
"BLOCK_004",189,"reverse_00189.tif",1753560,"2026-08-23 11:53:36","reverse_00189.rds",11980944,256,46800,11980800,"REUSED"
"BLOCK_004",190,"reverse_00190.tif",1746540,"2026-08-23 11:53:38","reverse_00190.rds",11980944,256,46800,11980800,"REUSED"
"BLOCK_004",191,"reverse_00191.tif",1745784,"2026-08-23 11:53:41","reverse_00191.rds",11980944,256,46800,11980800,"REUSED"
"BLOCK_004",192,"reverse_00192.tif",1727262,"2026-08-23 11:53:43","reverse_00192.rds",11980944,256,46800,11980800,"REUSED"
"BLOCK_004",193,"reverse_00193.tif",1713846,"2026-08-23 11:53:46","reverse_00193.rds",11980944,256,46800,11980800,"REUSED"
"BLOCK_004",194,"reverse_00194.tif",1715020,"2026-08-23 11:53:48","reverse_00194.rds",11980944,256,46800,11980800,"REUSED"
"BLOCK_004",195,"reverse_00195.tif",1701288,"2026-08-23 11:53:51","reverse_00195.rds",11980944,256,46800,11980800,"REUSED"
"BLOCK_004",196,"reverse_00196.tif",1687266,"2026-08-23 11:53:53","reverse_00196.rds",11980944,256,46800,11980800,"REUSED"
"BLOCK_004",197,"reverse_00197.tif",1683068,"2026-08-23 11:53:56","reverse_00197.rds",11980944,256,46800,11980800,"REUSED"
"BLOCK_004",198,"reverse_00198.tif",1750978,"2026-08-23 11:53:58","reverse_00198.rds",11980944,256,46800,11980800,"REUSED"
"BLOCK_004",199,"reverse_00199.tif",1742098,"2026-08-23 11:54:01","reverse_00199.rds",11980944,256,46800,11980800,"REUSED"
"BLOCK_004",200,"reverse_00200.tif",1717332,"2026-08-23 11:54:03","reverse_00200.rds",11980944,256,46800,11980800,"REUSED"
"BLOCK_004",201,"reverse_00201.tif",1652630,"2026-08-23 11:54:06","reverse_00201.rds",11980944,256,46800,11980800,"REUSED"
"BLOCK_004",202,"reverse_00202.tif",1650900,"2026-08-23 11:54:09","reverse_00202.rds",11980944,256,46800,11980800,"REUSED"
"BLOCK_004",203,"reverse_00203.tif",1617208,"2026-08-23 11:54:11","reverse_00203.rds",11980944,256,46800,11980800,"REUSED"
"BLOCK_004",204,"reverse_00204.tif",1598896,"2026-08-23 11:54:14","reverse_00204.rds",11980944,256,46800,11980800,"REUSED"
"BLOCK_004",205,"reverse_00205.tif",1579496,"2026-08-23 11:54:16","reverse_00205.rds",11980944,256,46800,11980800,"REUSED"
"BLOCK_004",206,"reverse_00206.tif",1589482,"2026-08-23 11:54:18","reverse_00206.rds",11980944,256,46800,11980800,"REUSED"
"BLOCK_004",207,"reverse_00207.tif",1598346,"2026-08-23 11:54:21","reverse_00207.rds",11980944,256,46800,11980800,"REUSED"
"BLOCK_004",208,"reverse_00208.tif",1607240,"2026-08-23 11:54:24","reverse_00208.rds",11980944,256,46800,11980800,"REUSED"
"BLOCK_004",209,"reverse_00209.tif",1597266,"2026-08-23 11:54:26","reverse_00209.rds",11980944,256,46800,11980800,"REUSED"
"BLOCK_004",210,"reverse_00210.tif",1581284,"2026-08-23 11:54:28","reverse_00210.rds",11980944,256,46800,11980800,"REUSED"
"BLOCK_004",211,"reverse_00211.tif",1601234,"2026-08-23 11:54:31","reverse_00211.rds",11980944,256,46800,11980800,"REUSED"
"BLOCK_004",212,"reverse_00212.tif",1942410,"2026-08-23 11:54:34","reverse_00212.rds",11980944,256,46800,11980800,"REUSED"
"BLOCK_004",213,"reverse_00213.tif",1903802,"2026-08-23 11:54:37","reverse_00213.rds",11980944,256,46800,11980800,"REUSED"
"BLOCK_004",214,"reverse_00214.tif",1875208,"2026-08-23 11:54:39","reverse_00214.rds",11980944,256,46800,11980800,"REUSED"
"BLOCK_004",215,"reverse_00215.tif",1860550,"2026-08-23 11:54:42","reverse_00215.rds",11980944,256,46800,11980800,"REUSED"
"BLOCK_004",216,"reverse_00216.tif",1841908,"2026-08-23 11:54:44","reverse_00216.rds",11980944,256,46800,11980800,"REUSED"
"BLOCK_004",217,"reverse_00217.tif",1826230,"2026-08-23 11:54:47","reverse_00217.rds",11980944,256,46800,11980800,"REUSED"
"BLOCK_004",218,"reverse_00218.tif",1827338,"2026-08-23 11:54:50","reverse_00218.rds",11980944,256,46800,11980800,"REUSED"
"BLOCK_004",219,"reverse_00219.tif",1834198,"2026-08-23 11:54:52","reverse_00219.rds",11980944,256,46800,11980800,"REUSED"
"BLOCK_004",220,"reverse_00220.tif",1811410,"2026-08-23 11:54:54","reverse_00220.rds",11980944,256,46800,11980800,"REUSED"
"BLOCK_004",221,"reverse_00221.tif",1814942,"2026-08-23 11:54:57","reverse_00221.rds",11980944,256,46800,11980800,"REUSED"
"BLOCK_004",222,"reverse_00222.tif",1824242,"2026-08-23 11:54:59","reverse_00222.rds",11980944,256,46800,11980800,"REUSED"
"BLOCK_004",223,"reverse_00223.tif",1830506,"2026-08-23 11:55:02","reverse_00223.rds",11980944,256,46800,11980800,"REUSED"
"BLOCK_004",224,"reverse_00224.tif",1840642,"2026-08-23 11:55:04","reverse_00224.rds",11980944,256,46800,11980800,"REUSED"
"BLOCK_004",225,"reverse_00225.tif",1840252,"2026-08-23 11:55:07","reverse_00225.rds",11980944,256,46800,11980800,"REUSED"
"BLOCK_004",226,"reverse_00226.tif",1494502,"2026-08-23 11:55:10","reverse_00226.rds",11980944,256,46800,11980800,"REUSED"
"BLOCK_004",227,"reverse_00227.tif",1493430,"2026-08-23 11:55:12","reverse_00227.rds",11980944,256,46800,11980800,"REUSED"
"BLOCK_004",228,"reverse_00228.tif",1484626,"2026-08-23 11:55:14","reverse_00228.rds",11980944,256,46800,11980800,"REUSED"
"BLOCK_004",229,"reverse_00229.tif",1498964,"2026-08-23 11:55:17","reverse_00229.rds",11980944,256,46800,11980800,"REUSED"
"BLOCK_004",230,"reverse_00230.tif",1509674,"2026-08-23 11:55:19","reverse_00230.rds",11980944,256,46800,11980800,"REUSED"
"BLOCK_004",231,"reverse_00231.tif",1521460,"2026-08-23 11:55:21","reverse_00231.rds",11980944,256,46800,11980800,"REUSED"
"BLOCK_004",232,"reverse_00232.tif",1498784,"2026-08-23 11:55:24","reverse_00232.rds",11980944,256,46800,11980800,"REUSED"
"BLOCK_004",233,"reverse_00233.tif",1506924,"2026-08-23 11:55:26","reverse_00233.rds",11980944,256,46800,11980800,"REUSED"
"BLOCK_004",234,"reverse_00234.tif",1533660,"2026-08-23 11:55:29","reverse_00234.rds",11980944,256,46800,11980800,"REUSED"
"BLOCK_004",235,"reverse_00235.tif",1539710,"2026-08-23 11:55:31","reverse_00235.rds",11980944,256,46800,11980800,"REUSED"
"BLOCK_004",236,"reverse_00236.tif",1533910,"2026-08-23 11:55:33","reverse_00236.rds",11980944,256,46800,11980800,"REUSED"
"BLOCK_004",237,"reverse_00237.tif",1520064,"2026-08-23 11:55:36","reverse_00237.rds",11980944,256,46800,11980800,"REUSED"
"BLOCK_004",238,"reverse_00238.tif",1517254,"2026-08-23 11:55:38","reverse_00238.rds",11980944,256,46800,11980800,"REUSED"
"BLOCK_004",239,"reverse_00239.tif",1531072,"2026-08-23 11:55:40","reverse_00239.rds",11980944,256,46800,11980800,"REUSED"
"BLOCK_004",240,"reverse_00240.tif",971512,"2026-08-23 11:55:42","reverse_00240.rds",11980944,256,46800,11980800,"REUSED"
"BLOCK_004",241,"reverse_00241.tif",910852,"2026-08-23 11:55:45","reverse_00241.rds",11980944,256,46800,11980800,"REUSED"
"BLOCK_004",242,"reverse_00242.tif",912340,"2026-08-23 11:55:47","reverse_00242.rds",11980944,256,46800,11980800,"REUSED"
"BLOCK_004",243,"reverse_00243.tif",941406,"2026-08-23 11:55:49","reverse_00243.rds",11980944,256,46800,11980800,"REUSED"
"BLOCK_004",244,"reverse_00244.tif",914800,"2026-08-23 11:55:52","reverse_00244.rds",11980944,256,46800,11980800,"REUSED"
"BLOCK_004",245,"reverse_00245.tif",919740,"2026-08-23 11:55:54","reverse_00245.rds",11980944,256,46800,11980800,"REUSED"
"BLOCK_004",246,"reverse_00246.tif",926192,"2026-08-23 11:55:56","reverse_00246.rds",11980944,256,46800,11980800,"REUSED"
"BLOCK_004",247,"reverse_00247.tif",906302,"2026-08-23 11:55:59","reverse_00247.rds",11980944,256,46800,11980800,"REUSED"
"BLOCK_004",248,"reverse_00248.tif",891384,"2026-08-23 11:56:01","reverse_00248.rds",11980944,256,46800,11980800,"REUSED"
"BLOCK_004",249,"reverse_00249.tif",901686,"2026-08-23 11:56:03","reverse_00249.rds",11980944,256,46800,11980800,"REUSED"
"BLOCK_004",250,"reverse_00250.tif",871794,"2026-08-23 11:56:05","reverse_00250.rds",11980944,256,46800,11980800,"REUSED"
"BLOCK_004",251,"reverse_00251.tif",896550,"2026-08-23 11:56:07","reverse_00251.rds",11980944,256,46800,11980800,"REUSED"
"BLOCK_004",252,"reverse_00252.tif",897926,"2026-08-23 11:56:10","reverse_00252.rds",11980944,256,46800,11980800,"REUSED"
"BLOCK_004",253,"reverse_00253.tif",910036,"2026-08-23 11:56:12","reverse_00253.rds",11980944,256,46800,11980800,"REUSED"
"BLOCK_004",254,"reverse_00254.tif",146460,"2026-08-23 11:56:13","reverse_00254.rds",1497744,32,46800,1497600,"REUSED"
