"BLOCK_ID","ENGINE","REGION","MODE","NROWS","NCOLS","RES_X","RES_Y","XMIN","XMAX","YMIN","YMAX","CRS","STRIPE_ROWS","N_STRIPES","STREAM_THRESHOLD_CELLS","STREAM_THRESHOLD_KM2","INDEX_ALGORITHM"
"BLOCK_001","WHITEBOX","Amazonas 1","AMAZON_SUPERZONE",18000,25200,0.000277777777777778,0.000277777777777777,-73.0001388888889,-66.0001388888889,-14.9998611111111,-9.99986111111111,"GEOGCRS[""WGS 84"",
    ENSEMBLE[""World Geodetic System 1984 ensemble"",
        MEMBER[""World Geodetic System 1984 (Transit)""],
        MEMBER[""World Geodetic System 1984 (G730)""],
        MEMBER[""World Geodetic System 1984 (G873)""],
        MEMBER[""World Geodetic System 1984 (G1150)""],
        MEMBER[""World Geodetic System 1984 (G1674)""],
        MEMBER[""World Geodetic System 1984 (G1762)""],
        MEMBER[""World Geodetic System 1984 (G2139)""],
        MEMBER[""World Geodetic System 1984 (G2296)""],
        ELLIPSOID[""WGS 84"",6378137,298.257223563,
            LENGTHUNIT[""metre"",1]],
        ENSEMBLEACCURACY[2.0]],
    PRIMEM[""Greenwich"",0,
        ANGLEUNIT[""degree"",0.0174532925199433]],
    CS[ellipsoidal,2],
        AXIS[""geodetic latitude (Lat)"",north,
            ORDER[1],
            ANGLEUNIT[""degree"",0.0174532925199433]],
        AXIS[""geodetic longitude (Lon)"",east,
            ORDER[2],
            ANGLEUNIT[""degree"",0.0174532925199433]],
    USAGE[
        SCOPE[""Horizontal component of 3D system.""],
        AREA[""World.""],
        BBOX[-90,-180,90,180]],
    ID[""EPSG"",4326]]",256,71,10778,10,"1.3-reverse-d8-stream-mask"
"BLOCK_002","WHITEBOX","Amazonas 2","AMAZON_SUPERZONE",14400,21600,0.000277777777777778,0.000277777777777777,-73.0001388888889,-67.0001388888889,-11.9998611111111,-7.99986111111111,"GEOGCRS[""WGS 84"",
    ENSEMBLE[""World Geodetic System 1984 ensemble"",
        MEMBER[""World Geodetic System 1984 (Transit)""],
        MEMBER[""World Geodetic System 1984 (G730)""],
        MEMBER[""World Geodetic System 1984 (G873)""],
        MEMBER[""World Geodetic System 1984 (G1150)""],
        MEMBER[""World Geodetic System 1984 (G1674)""],
        MEMBER[""World Geodetic System 1984 (G1762)""],
        MEMBER[""World Geodetic System 1984 (G2139)""],
        MEMBER[""World Geodetic System 1984 (G2296)""],
        ELLIPSOID[""WGS 84"",6378137,298.257223563,
            LENGTHUNIT[""metre"",1]],
        ENSEMBLEACCURACY[2.0]],
    PRIMEM[""Greenwich"",0,
        ANGLEUNIT[""degree"",0.0174532925199433]],
    CS[ellipsoidal,2],
        AXIS[""geodetic latitude (Lat)"",north,
            ORDER[1],
            ANGLEUNIT[""degree"",0.0174532925199433]],
        AXIS[""geodetic longitude (Lon)"",east,
            ORDER[2],
            ANGLEUNIT[""degree"",0.0174532925199433]],
    USAGE[
        SCOPE[""Horizontal component of 3D system.""],
        AREA[""World.""],
        BBOX[-90,-180,90,180]],
    ID[""EPSG"",4326]]",256,57,10687,10,"1.3-reverse-d8-stream-mask"
"BLOCK_003","WHITEBOX","Amazonas 3","AMAZON_SUPERZONE",18000,18000,0.000277777777777778,0.000277777777777778,-74.0001388888889,-69.0001388888889,-10.9998611111111,-5.99986111111111,"GEOGCRS[""WGS 84"",
    ENSEMBLE[""World Geodetic System 1984 ensemble"",
        MEMBER[""World Geodetic System 1984 (Transit)""],
        MEMBER[""World Geodetic System 1984 (G730)""],
        MEMBER[""World Geodetic System 1984 (G873)""],
        MEMBER[""World Geodetic System 1984 (G1150)""],
        MEMBER[""World Geodetic System 1984 (G1674)""],
        MEMBER[""World Geodetic System 1984 (G1762)""],
        MEMBER[""World Geodetic System 1984 (G2139)""],
        MEMBER[""World Geodetic System 1984 (G2296)""],
        ELLIPSOID[""WGS 84"",6378137,298.257223563,
            LENGTHUNIT[""metre"",1]],
        ENSEMBLEACCURACY[2.0]],
    PRIMEM[""Greenwich"",0,
        ANGLEUNIT[""degree"",0.0174532925199433]],
    CS[ellipsoidal,2],
        AXIS[""geodetic latitude (Lat)"",north,
            ORDER[1],
            ANGLEUNIT[""degree"",0.0174532925199433]],
        AXIS[""geodetic longitude (Lon)"",east,
            ORDER[2],
            ANGLEUNIT[""degree"",0.0174532925199433]],
    USAGE[
        SCOPE[""Horizontal component of 3D system.""],
        AREA[""World.""],
        BBOX[-90,-180,90,180]],
    ID[""EPSG"",4326]]",256,71,10643,10,"1.3-reverse-d8-stream-mask"
"BLOCK_004","GRASS_SEGMENTED","Amazonas 4","AMAZON_SUPERZONE",64800,46800,0.000277777777777778,0.000277777777777778,-80.0001388888889,-67.0001388888889,-15.9998611111111,2.00013888888889,"GEOGCRS[""WGS 84"",
    ENSEMBLE[""World Geodetic System 1984 ensemble"",
        MEMBER[""World Geodetic System 1984 (Transit)""],
        MEMBER[""World Geodetic System 1984 (G730)""],
        MEMBER[""World Geodetic System 1984 (G873)""],
        MEMBER[""World Geodetic System 1984 (G1150)""],
        MEMBER[""World Geodetic System 1984 (G1674)""],
        MEMBER[""World Geodetic System 1984 (G1762)""],
        MEMBER[""World Geodetic System 1984 (G2139)""],
        MEMBER[""World Geodetic System 1984 (G2296)""],
        ELLIPSOID[""WGS 84"",6378137,298.257223563,
            LENGTHUNIT[""metre"",1]],
        ENSEMBLEACCURACY[2.0]],
    PRIMEM[""Greenwich"",0,
        ANGLEUNIT[""degree"",0.0174532925199433]],
    CS[ellipsoidal,2],
        AXIS[""geodetic latitude (Lat)"",north,
            ORDER[1],
            ANGLEUNIT[""degree"",0.0174532925199433]],
        AXIS[""geodetic longitude (Lon)"",east,
            ORDER[2],
            ANGLEUNIT[""degree"",0.0174532925199433]],
    USAGE[
        SCOPE[""Horizontal component of 3D system.""],
        AREA[""World.""],
        BBOX[-90,-180,90,180]],
    ID[""EPSG"",4326]]",256,254,10606,10,"1.3-reverse-d8-stream-mask"
"BLOCK_005","WHITEBOX","Pacifico","MINIMOSAIC",10800,10800,0.000277777777777778,0.000277777777777778,-82.0001388888889,-79.0001388888889,-5.99986111111111,-2.99986111111111,"GEOGCRS[""WGS 84"",
    ENSEMBLE[""World Geodetic System 1984 ensemble"",
        MEMBER[""World Geodetic System 1984 (Transit)""],
        MEMBER[""World Geodetic System 1984 (G730)""],
        MEMBER[""World Geodetic System 1984 (G873)""],
        MEMBER[""World Geodetic System 1984 (G1150)""],
        MEMBER[""World Geodetic System 1984 (G1674)""],
        MEMBER[""World Geodetic System 1984 (G1762)""],
        MEMBER[""World Geodetic System 1984 (G2139)""],
        MEMBER[""World Geodetic System 1984 (G2296)""],
        ELLIPSOID[""WGS 84"",6378137,298.257223563,
            LENGTHUNIT[""metre"",1]],
        ENSEMBLEACCURACY[2.0]],
    PRIMEM[""Greenwich"",0,
        ANGLEUNIT[""degree"",0.0174532925199433]],
    CS[ellipsoidal,2],
        AXIS[""geodetic latitude (Lat)"",north,
            ORDER[1],
            ANGLEUNIT[""degree"",0.0174532925199433]],
        AXIS[""geodetic longitude (Lon)"",east,
            ORDER[2],
            ANGLEUNIT[""degree"",0.0174532925199433]],
    USAGE[
        SCOPE[""Horizontal component of 3D system.""],
        AREA[""World.""],
        BBOX[-90,-180,90,180]],
    ID[""EPSG"",4326]]",256,43,10561,10,"1.3-reverse-d8-stream-mask"
"BLOCK_006","WHITEBOX","Pacifico","MINIMOSAIC",14400,7200,0.000277777777777778,0.000277777777777777,-79.0001388888889,-77.0001388888889,-10.9998611111111,-6.99986111111111,"GEOGCRS[""WGS 84"",
    ENSEMBLE[""World Geodetic System 1984 ensemble"",
        MEMBER[""World Geodetic System 1984 (Transit)""],
        MEMBER[""World Geodetic System 1984 (G730)""],
        MEMBER[""World Geodetic System 1984 (G873)""],
        MEMBER[""World Geodetic System 1984 (G1150)""],
        MEMBER[""World Geodetic System 1984 (G1674)""],
        MEMBER[""World Geodetic System 1984 (G1762)""],
        MEMBER[""World Geodetic System 1984 (G2139)""],
        MEMBER[""World Geodetic System 1984 (G2296)""],
        ELLIPSOID[""WGS 84"",6378137,298.257223563,
            LENGTHUNIT[""metre"",1]],
        ENSEMBLEACCURACY[2.0]],
    PRIMEM[""Greenwich"",0,
        ANGLEUNIT[""degree"",0.0174532925199433]],
    CS[ellipsoidal,2],
        AXIS[""geodetic latitude (Lat)"",north,
            ORDER[1],
            ANGLEUNIT[""degree"",0.0174532925199433]],
        AXIS[""geodetic longitude (Lon)"",east,
            ORDER[2],
            ANGLEUNIT[""degree"",0.0174532925199433]],
    USAGE[
        SCOPE[""Horizontal component of 3D system.""],
        AREA[""World.""],
        BBOX[-90,-180,90,180]],
    ID[""EPSG"",4326]]",256,57,10657,10,"1.3-reverse-d8-stream-mask"
"BLOCK_007","WHITEBOX","Pacifico","MINIMOSAIC",10800,10800,0.000277777777777778,0.000277777777777777,-78.0001388888889,-75.0001388888889,-13.9998611111111,-10.9998611111111,"GEOGCRS[""WGS 84"",
    ENSEMBLE[""World Geodetic System 1984 ensemble"",
        MEMBER[""World Geodetic System 1984 (Transit)""],
        MEMBER[""World Geodetic System 1984 (G730)""],
        MEMBER[""World Geodetic System 1984 (G873)""],
        MEMBER[""World Geodetic System 1984 (G1150)""],
        MEMBER[""World Geodetic System 1984 (G1674)""],
        MEMBER[""World Geodetic System 1984 (G1762)""],
        MEMBER[""World Geodetic System 1984 (G2139)""],
        MEMBER[""World Geodetic System 1984 (G2296)""],
        ELLIPSOID[""WGS 84"",6378137,298.257223563,
            LENGTHUNIT[""metre"",1]],
        ENSEMBLEACCURACY[2.0]],
    PRIMEM[""Greenwich"",0,
        ANGLEUNIT[""degree"",0.0174532925199433]],
    CS[ellipsoidal,2],
        AXIS[""geodetic latitude (Lat)"",north,
            ORDER[1],
            ANGLEUNIT[""degree"",0.0174532925199433]],
        AXIS[""geodetic longitude (Lon)"",east,
            ORDER[2],
            ANGLEUNIT[""degree"",0.0174532925199433]],
    USAGE[
        SCOPE[""Horizontal component of 3D system.""],
        AREA[""World.""],
        BBOX[-90,-180,90,180]],
    ID[""EPSG"",4326]]",256,43,10778,10,"1.3-reverse-d8-stream-mask"
"BLOCK_008","WHITEBOX","Pacifico","MINIMOSAIC",10800,10800,0.000277777777777778,0.000277777777777777,-76.0001388888889,-73.0001388888889,-15.9998611111111,-12.9998611111111,"GEOGCRS[""WGS 84"",
    ENSEMBLE[""World Geodetic System 1984 ensemble"",
        MEMBER[""World Geodetic System 1984 (Transit)""],
        MEMBER[""World Geodetic System 1984 (G730)""],
        MEMBER[""World Geodetic System 1984 (G873)""],
        MEMBER[""World Geodetic System 1984 (G1150)""],
        MEMBER[""World Geodetic System 1984 (G1674)""],
        MEMBER[""World Geodetic System 1984 (G1762)""],
        MEMBER[""World Geodetic System 1984 (G2139)""],
        MEMBER[""World Geodetic System 1984 (G2296)""],
        ELLIPSOID[""WGS 84"",6378137,298.257223563,
            LENGTHUNIT[""metre"",1]],
        ENSEMBLEACCURACY[2.0]],
    PRIMEM[""Greenwich"",0,
        ANGLEUNIT[""degree"",0.0174532925199433]],
    CS[ellipsoidal,2],
        AXIS[""geodetic latitude (Lat)"",north,
            ORDER[1],
            ANGLEUNIT[""degree"",0.0174532925199433]],
        AXIS[""geodetic longitude (Lon)"",east,
            ORDER[2],
            ANGLEUNIT[""degree"",0.0174532925199433]],
    USAGE[
        SCOPE[""Horizontal component of 3D system.""],
        AREA[""World.""],
        BBOX[-90,-180,90,180]],
    ID[""EPSG"",4326]]",256,43,10867,10,"1.3-reverse-d8-stream-mask"
"BLOCK_009","WHITEBOX","Pacifico","MINIMOSAIC",10800,14400,0.000277777777777778,0.000277777777777777,-74.0001388888889,-70.0001388888889,-16.9998611111111,-13.9998611111111,"GEOGCRS[""WGS 84"",
    ENSEMBLE[""World Geodetic System 1984 ensemble"",
        MEMBER[""World Geodetic System 1984 (Transit)""],
        MEMBER[""World Geodetic System 1984 (G730)""],
        MEMBER[""World Geodetic System 1984 (G873)""],
        MEMBER[""World Geodetic System 1984 (G1150)""],
        MEMBER[""World Geodetic System 1984 (G1674)""],
        MEMBER[""World Geodetic System 1984 (G1762)""],
        MEMBER[""World Geodetic System 1984 (G2139)""],
        MEMBER[""World Geodetic System 1984 (G2296)""],
        ELLIPSOID[""WGS 84"",6378137,298.257223563,
            LENGTHUNIT[""metre"",1]],
        ENSEMBLEACCURACY[2.0]],
    PRIMEM[""Greenwich"",0,
        ANGLEUNIT[""degree"",0.0174532925199433]],
    CS[ellipsoidal,2],
        AXIS[""geodetic latitude (Lat)"",north,
            ORDER[1],
            ANGLEUNIT[""degree"",0.0174532925199433]],
        AXIS[""geodetic longitude (Lon)"",east,
            ORDER[2],
            ANGLEUNIT[""degree"",0.0174532925199433]],
    USAGE[
        SCOPE[""Horizontal component of 3D system.""],
        AREA[""World.""],
        BBOX[-90,-180,90,180]],
    ID[""EPSG"",4326]]",256,43,10916,10,"1.3-reverse-d8-stream-mask"
"BLOCK_010","WHITEBOX","Pacifico","MINIMOSAIC",10800,14400,0.000277777777777778,0.000277777777777777,-73.0001388888889,-69.0001388888889,-17.9998611111111,-14.9998611111111,"GEOGCRS[""WGS 84"",
    ENSEMBLE[""World Geodetic System 1984 ensemble"",
        MEMBER[""World Geodetic System 1984 (Transit)""],
        MEMBER[""World Geodetic System 1984 (G730)""],
        MEMBER[""World Geodetic System 1984 (G873)""],
        MEMBER[""World Geodetic System 1984 (G1150)""],
        MEMBER[""World Geodetic System 1984 (G1674)""],
        MEMBER[""World Geodetic System 1984 (G1762)""],
        MEMBER[""World Geodetic System 1984 (G2139)""],
        MEMBER[""World Geodetic System 1984 (G2296)""],
        ELLIPSOID[""WGS 84"",6378137,298.257223563,
            LENGTHUNIT[""metre"",1]],
        ENSEMBLEACCURACY[2.0]],
    PRIMEM[""Greenwich"",0,
        ANGLEUNIT[""degree"",0.0174532925199433]],
    CS[ellipsoidal,2],
        AXIS[""geodetic latitude (Lat)"",north,
            ORDER[1],
            ANGLEUNIT[""degree"",0.0174532925199433]],
        AXIS[""geodetic longitude (Lon)"",east,
            ORDER[2],
            ANGLEUNIT[""degree"",0.0174532925199433]],
    USAGE[
        SCOPE[""Horizontal component of 3D system.""],
        AREA[""World.""],
        BBOX[-90,-180,90,180]],
    ID[""EPSG"",4326]]",256,43,10970,10,"1.3-reverse-d8-stream-mask"
"BLOCK_011","WHITEBOX","Pacifico","MINIMOSAIC",7200,7200,0.000277777777777778,0.000277777777777777,-77.0001388888889,-75.0001388888889,-14.9998611111111,-12.9998611111111,"GEOGCRS[""WGS 84"",
    ENSEMBLE[""World Geodetic System 1984 ensemble"",
        MEMBER[""World Geodetic System 1984 (Transit)""],
        MEMBER[""World Geodetic System 1984 (G730)""],
        MEMBER[""World Geodetic System 1984 (G873)""],
        MEMBER[""World Geodetic System 1984 (G1150)""],
        MEMBER[""World Geodetic System 1984 (G1674)""],
        MEMBER[""World Geodetic System 1984 (G1762)""],
        MEMBER[""World Geodetic System 1984 (G2139)""],
        MEMBER[""World Geodetic System 1984 (G2296)""],
        ELLIPSOID[""WGS 84"",6378137,298.257223563,
            LENGTHUNIT[""metre"",1]],
        ENSEMBLEACCURACY[2.0]],
    PRIMEM[""Greenwich"",0,
        ANGLEUNIT[""degree"",0.0174532925199433]],
    CS[ellipsoidal,2],
        AXIS[""geodetic latitude (Lat)"",north,
            ORDER[1],
            ANGLEUNIT[""degree"",0.0174532925199433]],
        AXIS[""geodetic longitude (Lon)"",east,
            ORDER[2],
            ANGLEUNIT[""degree"",0.0174532925199433]],
    USAGE[
        SCOPE[""Horizontal component of 3D system.""],
        AREA[""World.""],
        BBOX[-90,-180,90,180]],
    ID[""EPSG"",4326]]",256,29,10843,10,"1.3-reverse-d8-stream-mask"
"BLOCK_012","WHITEBOX","Pacifico","MINIMOSAIC",10800,10800,0.000277777777777778,0.000277777777777778,-81.0001388888889,-78.0001388888889,-7.99986111111111,-4.99986111111111,"GEOGCRS[""WGS 84"",
    ENSEMBLE[""World Geodetic System 1984 ensemble"",
        MEMBER[""World Geodetic System 1984 (Transit)""],
        MEMBER[""World Geodetic System 1984 (G730)""],
        MEMBER[""World Geodetic System 1984 (G873)""],
        MEMBER[""World Geodetic System 1984 (G1150)""],
        MEMBER[""World Geodetic System 1984 (G1674)""],
        MEMBER[""World Geodetic System 1984 (G1762)""],
        MEMBER[""World Geodetic System 1984 (G2139)""],
        MEMBER[""World Geodetic System 1984 (G2296)""],
        ELLIPSOID[""WGS 84"",6378137,298.257223563,
            LENGTHUNIT[""metre"",1]],
        ENSEMBLEACCURACY[2.0]],
    PRIMEM[""Greenwich"",0,
        ANGLEUNIT[""degree"",0.0174532925199433]],
    CS[ellipsoidal,2],
        AXIS[""geodetic latitude (Lat)"",north,
            ORDER[1],
            ANGLEUNIT[""degree"",0.0174532925199433]],
        AXIS[""geodetic longitude (Lon)"",east,
            ORDER[2],
            ANGLEUNIT[""degree"",0.0174532925199433]],
    USAGE[
        SCOPE[""Horizontal component of 3D system.""],
        AREA[""World.""],
        BBOX[-90,-180,90,180]],
    ID[""EPSG"",4326]]",256,43,10596,10,"1.3-reverse-d8-stream-mask"
"BLOCK_013","WHITEBOX","Pacifico","MINIMOSAIC",7200,7200,0.000277777777777778,0.000277777777777778,-82.0001388888889,-80.0001388888889,-6.99986111111111,-4.99986111111111,"GEOGCRS[""WGS 84"",
    ENSEMBLE[""World Geodetic System 1984 ensemble"",
        MEMBER[""World Geodetic System 1984 (Transit)""],
        MEMBER[""World Geodetic System 1984 (G730)""],
        MEMBER[""World Geodetic System 1984 (G873)""],
        MEMBER[""World Geodetic System 1984 (G1150)""],
        MEMBER[""World Geodetic System 1984 (G1674)""],
        MEMBER[""World Geodetic System 1984 (G1762)""],
        MEMBER[""World Geodetic System 1984 (G2139)""],
        MEMBER[""World Geodetic System 1984 (G2296)""],
        ELLIPSOID[""WGS 84"",6378137,298.257223563,
            LENGTHUNIT[""metre"",1]],
        ENSEMBLEACCURACY[2.0]],
    PRIMEM[""Greenwich"",0,
        ANGLEUNIT[""degree"",0.0174532925199433]],
    CS[ellipsoidal,2],
        AXIS[""geodetic latitude (Lat)"",north,
            ORDER[1],
            ANGLEUNIT[""degree"",0.0174532925199433]],
        AXIS[""geodetic longitude (Lon)"",east,
            ORDER[2],
            ANGLEUNIT[""degree"",0.0174532925199433]],
    USAGE[
        SCOPE[""Horizontal component of 3D system.""],
        AREA[""World.""],
        BBOX[-90,-180,90,180]],
    ID[""EPSG"",4326]]",256,29,10586,10,"1.3-reverse-d8-stream-mask"
"BLOCK_014","WHITEBOX","Pacifico","MINIMOSAIC",18000,14400,0.000277777777777778,0.000277777777777777,-80.0001388888889,-76.0001388888889,-11.9998611111111,-6.99986111111111,"GEOGCRS[""WGS 84"",
    ENSEMBLE[""World Geodetic System 1984 ensemble"",
        MEMBER[""World Geodetic System 1984 (Transit)""],
        MEMBER[""World Geodetic System 1984 (G730)""],
        MEMBER[""World Geodetic System 1984 (G873)""],
        MEMBER[""World Geodetic System 1984 (G1150)""],
        MEMBER[""World Geodetic System 1984 (G1674)""],
        MEMBER[""World Geodetic System 1984 (G1762)""],
        MEMBER[""World Geodetic System 1984 (G2139)""],
        MEMBER[""World Geodetic System 1984 (G2296)""],
        ELLIPSOID[""WGS 84"",6378137,298.257223563,
            LENGTHUNIT[""metre"",1]],
        ENSEMBLEACCURACY[2.0]],
    PRIMEM[""Greenwich"",0,
        ANGLEUNIT[""degree"",0.0174532925199433]],
    CS[ellipsoidal,2],
        AXIS[""geodetic latitude (Lat)"",north,
            ORDER[1],
            ANGLEUNIT[""degree"",0.0174532925199433]],
        AXIS[""geodetic longitude (Lon)"",east,
            ORDER[2],
            ANGLEUNIT[""degree"",0.0174532925199433]],
    USAGE[
        SCOPE[""Horizontal component of 3D system.""],
        AREA[""World.""],
        BBOX[-90,-180,90,180]],
    ID[""EPSG"",4326]]",256,71,10672,10,"1.3-reverse-d8-stream-mask"
"BLOCK_015","WHITEBOX","Pacifico","MINIMOSAIC",10800,10800,0.000277777777777778,0.000277777777777778,-72.0001388888889,-69.0001388888889,-18.9998611111111,-15.9998611111111,"GEOGCRS[""WGS 84"",
    ENSEMBLE[""World Geodetic System 1984 ensemble"",
        MEMBER[""World Geodetic System 1984 (Transit)""],
        MEMBER[""World Geodetic System 1984 (G730)""],
        MEMBER[""World Geodetic System 1984 (G873)""],
        MEMBER[""World Geodetic System 1984 (G1150)""],
        MEMBER[""World Geodetic System 1984 (G1674)""],
        MEMBER[""World Geodetic System 1984 (G1762)""],
        MEMBER[""World Geodetic System 1984 (G2139)""],
        MEMBER[""World Geodetic System 1984 (G2296)""],
        ELLIPSOID[""WGS 84"",6378137,298.257223563,
            LENGTHUNIT[""metre"",1]],
        ENSEMBLEACCURACY[2.0]],
    PRIMEM[""Greenwich"",0,
        ANGLEUNIT[""degree"",0.0174532925199433]],
    CS[ellipsoidal,2],
        AXIS[""geodetic latitude (Lat)"",north,
            ORDER[1],
            ANGLEUNIT[""degree"",0.0174532925199433]],
        AXIS[""geodetic longitude (Lon)"",east,
            ORDER[2],
            ANGLEUNIT[""degree"",0.0174532925199433]],
    USAGE[
        SCOPE[""Horizontal component of 3D system.""],
        AREA[""World.""],
        BBOX[-90,-180,90,180]],
    ID[""EPSG"",4326]]",256,43,11027,10,"1.3-reverse-d8-stream-mask"
"BLOCK_016","WHITEBOX","Pacifico","MINIMOSAIC",7200,7200,0.000277777777777778,0.000277777777777778,-73.0001388888889,-71.0001388888889,-17.9998611111111,-15.9998611111111,"GEOGCRS[""WGS 84"",
    ENSEMBLE[""World Geodetic System 1984 ensemble"",
        MEMBER[""World Geodetic System 1984 (Transit)""],
        MEMBER[""World Geodetic System 1984 (G730)""],
        MEMBER[""World Geodetic System 1984 (G873)""],
        MEMBER[""World Geodetic System 1984 (G1150)""],
        MEMBER[""World Geodetic System 1984 (G1674)""],
        MEMBER[""World Geodetic System 1984 (G1762)""],
        MEMBER[""World Geodetic System 1984 (G2139)""],
        MEMBER[""World Geodetic System 1984 (G2296)""],
        ELLIPSOID[""WGS 84"",6378137,298.257223563,
            LENGTHUNIT[""metre"",1]],
        ENSEMBLEACCURACY[2.0]],
    PRIMEM[""Greenwich"",0,
        ANGLEUNIT[""degree"",0.0174532925199433]],
    CS[ellipsoidal,2],
        AXIS[""geodetic latitude (Lat)"",north,
            ORDER[1],
            ANGLEUNIT[""degree"",0.0174532925199433]],
        AXIS[""geodetic longitude (Lon)"",east,
            ORDER[2],
            ANGLEUNIT[""degree"",0.0174532925199433]],
    USAGE[
        SCOPE[""Horizontal component of 3D system.""],
        AREA[""World.""],
        BBOX[-90,-180,90,180]],
    ID[""EPSG"",4326]]",256,29,10998,10,"1.3-reverse-d8-stream-mask"
"BLOCK_017","WHITEBOX","Pacifico","MINIMOSAIC",7200,7200,0.000277777777777778,0.000277777777777778,-75.0001388888889,-73.0001388888889,-16.9998611111111,-14.9998611111111,"GEOGCRS[""WGS 84"",
    ENSEMBLE[""World Geodetic System 1984 ensemble"",
        MEMBER[""World Geodetic System 1984 (Transit)""],
        MEMBER[""World Geodetic System 1984 (G730)""],
        MEMBER[""World Geodetic System 1984 (G873)""],
        MEMBER[""World Geodetic System 1984 (G1150)""],
        MEMBER[""World Geodetic System 1984 (G1674)""],
        MEMBER[""World Geodetic System 1984 (G1762)""],
        MEMBER[""World Geodetic System 1984 (G2139)""],
        MEMBER[""World Geodetic System 1984 (G2296)""],
        ELLIPSOID[""WGS 84"",6378137,298.257223563,
            LENGTHUNIT[""metre"",1]],
        ENSEMBLEACCURACY[2.0]],
    PRIMEM[""Greenwich"",0,
        ANGLEUNIT[""degree"",0.0174532925199433]],
    CS[ellipsoidal,2],
        AXIS[""geodetic latitude (Lat)"",north,
            ORDER[1],
            ANGLEUNIT[""degree"",0.0174532925199433]],
        AXIS[""geodetic longitude (Lon)"",east,
            ORDER[2],
            ANGLEUNIT[""degree"",0.0174532925199433]],
    USAGE[
        SCOPE[""Horizontal component of 3D system.""],
        AREA[""World.""],
        BBOX[-90,-180,90,180]],
    ID[""EPSG"",4326]]",256,29,10942,10,"1.3-reverse-d8-stream-mask"
"BLOCK_018","WHITEBOX","Pacifico","MINIMOSAIC",7200,7200,0.000277777777777778,0.000277777777777778,-80.0001388888889,-78.0001388888889,-8.99986111111111,-6.99986111111111,"GEOGCRS[""WGS 84"",
    ENSEMBLE[""World Geodetic System 1984 ensemble"",
        MEMBER[""World Geodetic System 1984 (Transit)""],
        MEMBER[""World Geodetic System 1984 (G730)""],
        MEMBER[""World Geodetic System 1984 (G873)""],
        MEMBER[""World Geodetic System 1984 (G1150)""],
        MEMBER[""World Geodetic System 1984 (G1674)""],
        MEMBER[""World Geodetic System 1984 (G1762)""],
        MEMBER[""World Geodetic System 1984 (G2139)""],
        MEMBER[""World Geodetic System 1984 (G2296)""],
        ELLIPSOID[""WGS 84"",6378137,298.257223563,
            LENGTHUNIT[""metre"",1]],
        ENSEMBLEACCURACY[2.0]],
    PRIMEM[""Greenwich"",0,
        ANGLEUNIT[""degree"",0.0174532925199433]],
    CS[ellipsoidal,2],
        AXIS[""geodetic latitude (Lat)"",north,
            ORDER[1],
            ANGLEUNIT[""degree"",0.0174532925199433]],
        AXIS[""geodetic longitude (Lon)"",east,
            ORDER[2],
            ANGLEUNIT[""degree"",0.0174532925199433]],
    USAGE[
        SCOPE[""Horizontal component of 3D system.""],
        AREA[""World.""],
        BBOX[-90,-180,90,180]],
    ID[""EPSG"",4326]]",256,29,10630,10,"1.3-reverse-d8-stream-mask"
"BLOCK_019","WHITEBOX","Titicaca","MINIMOSAIC",10800,14400,0.000277777777777778,0.000277777777777777,-72.0001388888889,-68.0001388888889,-17.9998611111111,-14.9998611111111,"GEOGCRS[""WGS 84"",
    ENSEMBLE[""World Geodetic System 1984 ensemble"",
        MEMBER[""World Geodetic System 1984 (Transit)""],
        MEMBER[""World Geodetic System 1984 (G730)""],
        MEMBER[""World Geodetic System 1984 (G873)""],
        MEMBER[""World Geodetic System 1984 (G1150)""],
        MEMBER[""World Geodetic System 1984 (G1674)""],
        MEMBER[""World Geodetic System 1984 (G1762)""],
        MEMBER[""World Geodetic System 1984 (G2139)""],
        MEMBER[""World Geodetic System 1984 (G2296)""],
        ELLIPSOID[""WGS 84"",6378137,298.257223563,
            LENGTHUNIT[""metre"",1]],
        ENSEMBLEACCURACY[2.0]],
    PRIMEM[""Greenwich"",0,
        ANGLEUNIT[""degree"",0.0174532925199433]],
    CS[ellipsoidal,2],
        AXIS[""geodetic latitude (Lat)"",north,
            ORDER[1],
            ANGLEUNIT[""degree"",0.0174532925199433]],
        AXIS[""geodetic longitude (Lon)"",east,
            ORDER[2],
            ANGLEUNIT[""degree"",0.0174532925199433]],
    USAGE[
        SCOPE[""Horizontal component of 3D system.""],
        AREA[""World.""],
        BBOX[-90,-180,90,180]],
    ID[""EPSG"",4326]]",256,43,10970,10,"1.3-reverse-d8-stream-mask"
"BLOCK_020","WHITEBOX","Titicaca","MINIMOSAIC",7200,10800,0.000277777777777778,0.000277777777777777,-72.0001388888889,-69.0001388888889,-15.9998611111111,-13.9998611111111,"GEOGCRS[""WGS 84"",
    ENSEMBLE[""World Geodetic System 1984 ensemble"",
        MEMBER[""World Geodetic System 1984 (Transit)""],
        MEMBER[""World Geodetic System 1984 (G730)""],
        MEMBER[""World Geodetic System 1984 (G873)""],
        MEMBER[""World Geodetic System 1984 (G1150)""],
        MEMBER[""World Geodetic System 1984 (G1674)""],
        MEMBER[""World Geodetic System 1984 (G1762)""],
        MEMBER[""World Geodetic System 1984 (G2139)""],
        MEMBER[""World Geodetic System 1984 (G2296)""],
        ELLIPSOID[""WGS 84"",6378137,298.257223563,
            LENGTHUNIT[""metre"",1]],
        ENSEMBLEACCURACY[2.0]],
    PRIMEM[""Greenwich"",0,
        ANGLEUNIT[""degree"",0.0174532925199433]],
    CS[ellipsoidal,2],
        AXIS[""geodetic latitude (Lat)"",north,
            ORDER[1],
            ANGLEUNIT[""degree"",0.0174532925199433]],
        AXIS[""geodetic longitude (Lon)"",east,
            ORDER[2],
            ANGLEUNIT[""degree"",0.0174532925199433]],
    USAGE[
        SCOPE[""Horizontal component of 3D system.""],
        AREA[""World.""],
        BBOX[-90,-180,90,180]],
    ID[""EPSG"",4326]]",256,29,10891,10,"1.3-reverse-d8-stream-mask"
"BLOCK_021","WHITEBOX","Titicaca","MINIMOSAIC",7200,7200,0.000277777777777778,0.000277777777777778,-70.0001388888889,-68.0001388888889,-17.9998611111111,-15.9998611111111,"GEOGCRS[""WGS 84"",
    ENSEMBLE[""World Geodetic System 1984 ensemble"",
        MEMBER[""World Geodetic System 1984 (Transit)""],
        MEMBER[""World Geodetic System 1984 (G730)""],
        MEMBER[""World Geodetic System 1984 (G873)""],
        MEMBER[""World Geodetic System 1984 (G1150)""],
        MEMBER[""World Geodetic System 1984 (G1674)""],
        MEMBER[""World Geodetic System 1984 (G1762)""],
        MEMBER[""World Geodetic System 1984 (G2139)""],
        MEMBER[""World Geodetic System 1984 (G2296)""],
        ELLIPSOID[""WGS 84"",6378137,298.257223563,
            LENGTHUNIT[""metre"",1]],
        ENSEMBLEACCURACY[2.0]],
    PRIMEM[""Greenwich"",0,
        ANGLEUNIT[""degree"",0.0174532925199433]],
    CS[ellipsoidal,2],
        AXIS[""geodetic latitude (Lat)"",north,
            ORDER[1],
            ANGLEUNIT[""degree"",0.0174532925199433]],
        AXIS[""geodetic longitude (Lon)"",east,
            ORDER[2],
            ANGLEUNIT[""degree"",0.0174532925199433]],
    USAGE[
        SCOPE[""Horizontal component of 3D system.""],
        AREA[""World.""],
        BBOX[-90,-180,90,180]],
    ID[""EPSG"",4326]]",256,29,10998,10,"1.3-reverse-d8-stream-mask"
